structure,n,trial,total_ns,ns_per_push,median_push_ns,p95_push_ns,p99_push_ns,max_push_ns,random_access_ns,checksum,estimated_bytes
ResizableArray,0,0,0,0.000,0,0,0,0,0,0,0
BaselineArray,0,0,0,0.000,0,0,0,0,0,0,0
ResizableArray,0,1,100,0.000,0,0,0,0,0,0,0
BaselineArray,0,1,100,0.000,0,0,0,0,0,0,0
ResizableArray,0,2,100,0.000,0,0,0,0,0,0,0
BaselineArray,0,2,100,0.000,0,0,0,0,0,0,0
ResizableArray,0,3,0,0.000,0,0,0,0,0,0,0
BaselineArray,0,3,0,0.000,0,0,0,0,0,0,0
ResizableArray,0,4,0,0.000,0,0,0,0,0,0,0
BaselineArray,0,4,0,0.000,0,0,0,0,0,0,0
ResizableArray,0,5,0,0.000,0,0,0,0,0,0,0
BaselineArray,0,5,0,0.000,0,0,0,0,0,0,0
ResizableArray,0,6,0,0.000,0,0,0,0,100,0,0
BaselineArray,0,6,0,0.000,0,0,0,0,100,0,0
ResizableArray,0,7,0,0.000,0,0,0,0,100,0,0
BaselineArray,0,7,0,0.000,0,0,0,0,100,0,0
ResizableArray,0,8,0,0.000,0,0,0,0,100,0,0
BaselineArray,0,8,0,0.000,0,0,0,0,0,0,0
ResizableArray,0,9,0,0.000,0,0,0,0,0,0,0
BaselineArray,0,9,0,0.000,0,0,0,0,0,0,0
ResizableArray,1,0,0,0.000,0,0,0,0,100,4294687539,8
BaselineArray,1,0,0,0.000,0,0,0,0,0,4294687539,4
ResizableArray,1,1,100,100.000,100,100,100,100,0,4294687539,8
BaselineArray,1,1,0,0.000,0,0,0,0,0,4294687539,4
ResizableArray,1,2,100,100.000,100,100,100,100,0,4294687539,8
BaselineArray,1,2,0,0.000,100,100,100,100,100,4294687539,4
ResizableArray,1,3,0,0.000,0,0,0,0,0,4294687539,8
BaselineArray,1,3,0,0.000,0,0,0,0,0,4294687539,4
ResizableArray,1,4,100,100.000,100,100,100,100,0,4294687539,8
BaselineArray,1,4,0,0.000,100,100,100,100,100,4294687539,4
ResizableArray,1,5,0,0.000,0,0,0,0,0,4294687539,8
BaselineArray,1,5,0,0.000,0,0,0,0,0,4294687539,4
ResizableArray,1,6,100,100.000,100,100,100,100,0,4294687539,8
BaselineArray,1,6,0,0.000,100,100,100,100,100,4294687539,4
ResizableArray,1,7,0,0.000,0,0,0,0,0,4294687539,8
BaselineArray,1,7,0,0.000,0,0,0,0,0,4294687539,4
ResizableArray,1,8,100,100.000,100,100,100,100,0,4294687539,8
BaselineArray,1,8,0,0.000,100,100,100,100,100,4294687539,4
ResizableArray,1,9,0,0.000,0,0,0,0,0,4294687539,8
BaselineArray,1,9,0,0.000,0,0,0,0,0,4294687539,4
ResizableArray,2,0,100,50.000,100,100,100,100,0,5649334683369308829,16
BaselineArray,2,0,100,50.000,100,100,100,100,100,5649334683369308829,8
ResizableArray,2,1,100,50.000,0,0,0,0,0,5649334683369308829,16
BaselineArray,2,1,0,0.000,100,100,100,100,0,5649334683369308829,8
ResizableArray,2,2,100,50.000,100,100,100,100,0,5649334683369308829,16
BaselineArray,2,2,0,0.000,100,100,100,100,0,5649334683369308829,8
ResizableArray,2,3,0,0.000,100,100,100,100,100,5649334683369308829,16
BaselineArray,2,3,0,0.000,100,100,100,100,0,5649334683369308829,8
ResizableArray,2,4,100,50.000,100,100,100,100,0,5649334683369308829,16
BaselineArray,2,4,0,0.000,100,100,100,100,0,5649334683369308829,8
ResizableArray,2,5,100,50.000,100,100,100,100,0,5649334683369308829,16
BaselineArray,2,5,0,0.000,100,100,100,100,0,5649334683369308829,8
ResizableArray,2,6,100,50.000,0,0,0,0,0,5649334683369308829,16
BaselineArray,2,6,0,0.000,100,100,100,100,0,5649334683369308829,8
ResizableArray,2,7,0,0.000,100,100,100,100,0,5649334683369308829,16
BaselineArray,2,7,100,50.000,0,0,0,0,0,5649334683369308829,8
ResizableArray,2,8,100,50.000,0,0,0,0,0,5649334683369308829,16
BaselineArray,2,8,0,0.000,100,100,100,100,100,5649334683369308829,8
ResizableArray,2,9,0,0.000,100,100,100,100,0,5649334683369308829,16
BaselineArray,2,9,100,50.000,100,100,100,100,0,5649334683369308829,8
ResizableArray,3,0,100,33.333,0,100,100,100,0,14435657767892227380,48
BaselineArray,3,0,100,33.333,100,100,100,100,100,14435657767892227380,16
ResizableArray,3,1,100,33.333,0,100,100,100,0,14435657767892227380,48
BaselineArray,3,1,0,0.000,100,100,100,100,0,14435657767892227380,16
ResizableArray,3,2,100,33.333,0,100,100,100,100,14435657767892227380,48
BaselineArray,3,2,100,33.333,0,100,100,100,0,14435657767892227380,16
ResizableArray,3,3,0,0.000,0,100,100,100,100,14435657767892227380,48
BaselineArray,3,3,100,33.333,0,100,100,100,0,14435657767892227380,16
ResizableArray,3,4,0,0.000,0,100,100,100,100,14435657767892227380,48
BaselineArray,3,4,100,33.333,0,100,100,100,0,14435657767892227380,16
ResizableArray,3,5,0,0.000,0,100,100,100,100,14435657767892227380,48
BaselineArray,3,5,100,33.333,100,100,100,100,0,14435657767892227380,16
ResizableArray,3,6,0,0.000,0,100,100,100,0,14435657767892227380,48
BaselineArray,3,6,100,33.333,0,100,100,100,0,14435657767892227380,16
ResizableArray,3,7,100,33.333,0,100,100,100,0,14435657767892227380,48
BaselineArray,3,7,100,33.333,0,100,100,100,0,14435657767892227380,16
ResizableArray,3,8,100,33.333,0,100,100,100,0,14435657767892227380,48
BaselineArray,3,8,100,33.333,0,100,100,100,100,14435657767892227380,16
ResizableArray,3,9,100,33.333,0,100,100,100,0,14435657767892227380,48
BaselineArray,3,9,100,33.333,0,100,100,100,100,14435657767892227380,16
ResizableArray,4,0,100,25.000,0,100,100,100,0,3351059059494474697,32
BaselineArray,4,0,100,25.000,0,100,100,100,0,3351059059494474697,16
ResizableArray,4,1,0,0.000,0,100,100,100,0,3351059059494474697,32
BaselineArray,4,1,100,25.000,0,100,100,100,0,3351059059494474697,16
ResizableArray,4,2,0,0.000,100,100,100,100,0,3351059059494474697,32
BaselineArray,4,2,100,25.000,100,100,100,100,0,3351059059494474697,16
ResizableArray,4,3,100,25.000,0,100,100,100,0,3351059059494474697,32
BaselineArray,4,3,100,25.000,0,100,100,100,100,3351059059494474697,16
ResizableArray,4,4,100,25.000,100,100,100,100,100,3351059059494474697,32
BaselineArray,4,4,100,25.000,100,100,100,100,100,3351059059494474697,16
ResizableArray,4,5,100,25.000,100,100,100,100,0,3351059059494474697,32
BaselineArray,4,5,100,25.000,0,100,100,100,0,3351059059494474697,16
ResizableArray,4,6,100,25.000,0,100,100,100,0,3351059059494474697,32
BaselineArray,4,6,100,25.000,100,100,100,100,100,3351059059494474697,16
ResizableArray,4,7,100,25.000,0,100,100,100,0,3351059059494474697,32
BaselineArray,4,7,100,25.000,0,100,100,100,0,3351059059494474697,16
ResizableArray,4,8,100,25.000,0,100,100,100,0,3351059059494474697,32
BaselineArray,4,8,0,0.000,0,100,100,100,0,3351059059494474697,16
ResizableArray,4,9,0,0.000,0,100,100,100,0,3351059059494474697,32
BaselineArray,4,9,0,0.000,0,100,100,100,0,3351059059494474697,16
ResizableArray,5,0,100,20.000,0,100,100,100,0,12089212305019938371,96
BaselineArray,5,0,100,20.000,0,100,100,100,0,12089212305019938371,32
ResizableArray,5,1,100,20.000,0,100,100,100,100,12089212305019938371,96
BaselineArray,5,1,100,20.000,0,100,100,100,0,12089212305019938371,32
ResizableArray,5,2,100,20.000,0,100,100,100,0,12089212305019938371,96
BaselineArray,5,2,100,20.000,0,100,100,100,0,12089212305019938371,32
ResizableArray,5,3,100,20.000,0,100,100,100,0,12089212305019938371,96
BaselineArray,5,3,100,20.000,0,100,100,100,0,12089212305019938371,32
ResizableArray,5,4,100,20.000,0,100,100,100,0,12089212305019938371,96
BaselineArray,5,4,100,20.000,0,100,100,100,0,12089212305019938371,32
ResizableArray,5,5,100,20.000,0,100,100,100,0,12089212305019938371,96
BaselineArray,5,5,100,20.000,0,100,100,100,0,12089212305019938371,32
ResizableArray,5,6,100,20.000,0,100,100,100,0,12089212305019938371,96
BaselineArray,5,6,100,20.000,0,100,100,100,0,12089212305019938371,32
ResizableArray,5,7,100,20.000,0,100,100,100,100,12089212305019938371,96
BaselineArray,5,7,100,20.000,0,100,100,100,0,12089212305019938371,32
ResizableArray,5,8,100,20.000,0,100,100,100,100,12089212305019938371,96
BaselineArray,5,8,100,20.000,0,100,100,100,100,12089212305019938371,32
ResizableArray,5,9,100,20.000,0,100,100,100,100,12089212305019938371,96
BaselineArray,5,9,100,20.000,0,100,100,100,100,12089212305019938371,32
ResizableArray,7,0,100,14.286,0,100,100,100,0,18057498213392860566,96
BaselineArray,7,0,100,14.286,100,100,100,100,0,18057498213392860566,32
ResizableArray,7,1,100,14.286,0,100,100,100,100,18057498213392860566,96
BaselineArray,7,1,100,14.286,0,100,100,100,0,18057498213392860566,32
ResizableArray,7,2,100,14.286,0,100,100,100,0,18057498213392860566,96
BaselineArray,7,2,100,14.286,0,100,100,100,100,18057498213392860566,32
ResizableArray,7,3,100,14.286,0,100,100,100,0,18057498213392860566,96
BaselineArray,7,3,100,14.286,0,100,100,100,100,18057498213392860566,32
ResizableArray,7,4,100,14.286,0,100,100,100,0,18057498213392860566,96
BaselineArray,7,4,100,14.286,100,100,100,100,0,18057498213392860566,32
ResizableArray,7,5,100,14.286,0,100,100,100,100,18057498213392860566,96
BaselineArray,7,5,100,14.286,0,100,100,100,0,18057498213392860566,32
ResizableArray,7,6,100,14.286,0,100,100,100,0,18057498213392860566,96
BaselineArray,7,6,100,14.286,0,100,100,100,0,18057498213392860566,32
ResizableArray,7,7,100,14.286,0,100,100,100,100,18057498213392860566,96
BaselineArray,7,7,100,14.286,0,100,100,100,0,18057498213392860566,32
ResizableArray,7,8,100,14.286,0,100,100,100,0,18057498213392860566,96
BaselineArray,7,8,100,14.286,0,100,100,100,100,18057498213392860566,32
ResizableArray,7,9,100,14.286,0,100,100,100,0,18057498213392860566,96
BaselineArray,7,9,100,14.286,0,100,100,100,0,18057498213392860566,32
ResizableArray,8,0,100,12.500,0,100,100,100,100,11856562795401533403,64
BaselineArray,8,0,100,12.500,0,100,100,100,0,11856562795401533403,32
ResizableArray,8,1,100,12.500,0,100,100,100,0,11856562795401533403,64
BaselineArray,8,1,100,12.500,0,100,100,100,0,11856562795401533403,32
ResizableArray,8,2,100,12.500,0,100,100,100,0,11856562795401533403,64
BaselineArray,8,2,100,12.500,0,100,100,100,0,11856562795401533403,32
ResizableArray,8,3,100,12.500,0,100,100,100,0,11856562795401533403,64
BaselineArray,8,3,100,12.500,100,100,100,100,0,11856562795401533403,32
ResizableArray,8,4,0,0.000,0,100,100,100,100,11856562795401533403,64
BaselineArray,8,4,100,12.500,0,100,100,100,0,11856562795401533403,32
ResizableArray,8,5,100,12.500,0,100,100,100,100,11856562795401533403,64
BaselineArray,8,5,100,12.500,0,100,100,100,0,11856562795401533403,32
ResizableArray,8,6,200,25.000,0,100,100,100,100,11856562795401533403,64
BaselineArray,8,6,100,12.500,0,100,100,100,0,11856562795401533403,32
ResizableArray,8,7,100,12.500,0,100,100,100,0,11856562795401533403,64
BaselineArray,8,7,100,12.500,0,100,100,100,0,11856562795401533403,32
ResizableArray,8,8,100,12.500,100,100,100,100,0,11856562795401533403,64
BaselineArray,8,8,0,0.000,0,100,100,100,100,11856562795401533403,32
ResizableArray,8,9,100,12.500,0,100,100,100,0,11856562795401533403,64
BaselineArray,8,9,100,12.500,0,100,100,100,100,11856562795401533403,32
ResizableArray,9,0,100,11.111,0,100,100,100,100,7961758342824472980,192
BaselineArray,9,0,100,11.111,0,100,100,100,0,7961758342824472980,64
ResizableArray,9,1,100,11.111,0,100,100,100,0,7961758342824472980,192
BaselineArray,9,1,100,11.111,0,100,100,100,0,7961758342824472980,64
ResizableArray,9,2,100,11.111,0,100,100,100,0,7961758342824472980,192
BaselineArray,9,2,100,11.111,0,100,100,100,100,7961758342824472980,64
ResizableArray,9,3,100,11.111,0,100,100,100,100,7961758342824472980,192
BaselineArray,9,3,100,11.111,0,100,100,100,0,7961758342824472980,64
ResizableArray,9,4,100,11.111,0,100,100,100,0,7961758342824472980,192
BaselineArray,9,4,100,11.111,0,100,100,100,100,7961758342824472980,64
ResizableArray,9,5,100,11.111,0,100,100,100,0,7961758342824472980,192
BaselineArray,9,5,200,22.222,0,100,100,100,100,7961758342824472980,64
ResizableArray,9,6,100,11.111,0,100,100,100,0,7961758342824472980,192
BaselineArray,9,6,100,11.111,0,100,100,100,0,7961758342824472980,64
ResizableArray,9,7,100,11.111,0,100,100,100,0,7961758342824472980,192
BaselineArray,9,7,200,22.222,0,100,100,100,100,7961758342824472980,64
ResizableArray,9,8,100,11.111,0,100,100,100,0,7961758342824472980,192
BaselineArray,9,8,200,22.222,0,100,100,100,100,7961758342824472980,64
ResizableArray,9,9,100,11.111,0,100,100,100,0,7961758342824472980,192
BaselineArray,9,9,100,11.111,0,100,100,100,100,7961758342824472980,64
ResizableArray,15,0,100,6.667,0,100,100,100,100,14586186246162512913,192
BaselineArray,15,0,100,6.667,0,100,100,100,0,14586186246162512913,64
ResizableArray,15,1,100,6.667,0,100,100,100,0,14586186246162512913,192
BaselineArray,15,1,100,6.667,0,100,100,100,0,14586186246162512913,64
ResizableArray,15,2,100,6.667,0,100,100,100,0,14586186246162512913,192
BaselineArray,15,2,100,6.667,0,100,100,100,0,14586186246162512913,64
ResizableArray,15,3,100,6.667,0,100,100,100,0,14586186246162512913,192
BaselineArray,15,3,100,6.667,0,100,100,100,0,14586186246162512913,64
ResizableArray,15,4,100,6.667,0,100,100,100,100,14586186246162512913,192
BaselineArray,15,4,100,6.667,0,100,100,100,100,14586186246162512913,64
ResizableArray,15,5,100,6.667,0,100,100,100,0,14586186246162512913,192
BaselineArray,15,5,100,6.667,0,100,100,100,100,14586186246162512913,64
ResizableArray,15,6,100,6.667,0,100,100,100,0,14586186246162512913,192
BaselineArray,15,6,100,6.667,0,100,100,100,0,14586186246162512913,64
ResizableArray,15,7,100,6.667,0,100,100,100,0,14586186246162512913,192
BaselineArray,15,7,100,6.667,0,100,100,100,100,14586186246162512913,64
ResizableArray,15,8,100,6.667,0,100,100,100,0,14586186246162512913,192
BaselineArray,15,8,100,6.667,0,100,100,100,100,14586186246162512913,64
ResizableArray,15,9,100,6.667,0,100,100,100,0,14586186246162512913,192
BaselineArray,15,9,100,6.667,0,100,100,100,0,14586186246162512913,64
ResizableArray,16,0,200,12.500,0,100,100,100,0,10114488645722501728,128
BaselineArray,16,0,100,6.250,0,100,100,100,100,10114488645722501728,64
ResizableArray,16,1,100,6.250,0,100,100,100,0,10114488645722501728,128
BaselineArray,16,1,100,6.250,0,100,100,100,100,10114488645722501728,64
ResizableArray,16,2,100,6.250,0,100,100,100,0,10114488645722501728,128
BaselineArray,16,2,100,6.250,0,100,100,100,0,10114488645722501728,64
ResizableArray,16,3,200,12.500,0,100,100,100,0,10114488645722501728,128
BaselineArray,16,3,100,6.250,0,100,100,100,0,10114488645722501728,64
ResizableArray,16,4,100,6.250,0,100,100,100,0,10114488645722501728,128
BaselineArray,16,4,100,6.250,0,100,100,100,0,10114488645722501728,64
ResizableArray,16,5,100,6.250,100,100,100,100,0,10114488645722501728,128
BaselineArray,16,5,100,6.250,0,100,100,100,0,10114488645722501728,64
ResizableArray,16,6,100,6.250,0,100,100,100,0,10114488645722501728,128
BaselineArray,16,6,100,6.250,0,100,100,100,0,10114488645722501728,64
ResizableArray,16,7,100,6.250,0,100,100,100,0,10114488645722501728,128
BaselineArray,16,7,100,6.250,0,100,100,100,0,10114488645722501728,64
ResizableArray,16,8,100,6.250,0,100,100,100,0,10114488645722501728,128
BaselineArray,16,8,100,6.250,0,100,100,100,0,10114488645722501728,64
ResizableArray,16,9,100,6.250,0,100,100,100,0,10114488645722501728,128
BaselineArray,16,9,100,6.250,0,100,100,100,0,10114488645722501728,64
ResizableArray,17,0,100,5.882,0,100,100,100,0,2356116883344654828,384
BaselineArray,17,0,200,11.765,0,100,100,100,0,2356116883344654828,128
ResizableArray,17,1,200,11.765,0,100,100,100,0,2356116883344654828,384
BaselineArray,17,1,100,5.882,0,100,100,100,0,2356116883344654828,128
ResizableArray,17,2,100,5.882,0,100,100,100,0,2356116883344654828,384
BaselineArray,17,2,100,5.882,0,100,100,100,0,2356116883344654828,128
ResizableArray,17,3,200,11.765,0,100,100,100,0,2356116883344654828,384
BaselineArray,17,3,100,5.882,0,100,100,100,0,2356116883344654828,128
ResizableArray,17,4,100,5.882,0,100,100,100,0,2356116883344654828,384
BaselineArray,17,4,200,11.765,0,100,100,100,100,2356116883344654828,128
ResizableArray,17,5,100,5.882,0,100,100,100,100,2356116883344654828,384
BaselineArray,17,5,100,5.882,0,100,100,100,0,2356116883344654828,128
ResizableArray,17,6,200,11.765,0,100,100,100,0,2356116883344654828,384
BaselineArray,17,6,100,5.882,0,100,100,100,0,2356116883344654828,128
ResizableArray,17,7,200,11.765,0,100,100,100,0,2356116883344654828,384
BaselineArray,17,7,100,5.882,0,100,100,100,0,2356116883344654828,128
ResizableArray,17,8,100,5.882,0,100,100,100,0,2356116883344654828,384
BaselineArray,17,8,200,11.765,0,100,100,100,0,2356116883344654828,128
ResizableArray,17,9,200,11.765,0,100,100,100,0,2356116883344654828,384
BaselineArray,17,9,200,11.765,0,100,100,100,0,2356116883344654828,128
ResizableArray,31,0,100,3.226,0,100,100,100,100,11098387413524487033,384
BaselineArray,31,0,200,6.452,0,100,100,100,100,11098387413524487033,128
ResizableArray,31,1,100,3.226,0,100,100,100,0,11098387413524487033,384
BaselineArray,31,1,100,3.226,0,100,100,100,0,11098387413524487033,128
ResizableArray,31,2,200,6.452,0,100,100,100,0,11098387413524487033,384
BaselineArray,31,2,100,3.226,0,100,100,100,100,11098387413524487033,128
ResizableArray,31,3,200,6.452,0,100,100,100,100,11098387413524487033,384
BaselineArray,31,3,200,6.452,0,100,100,100,0,11098387413524487033,128
ResizableArray,31,4,200,6.452,0,100,100,100,0,11098387413524487033,384
BaselineArray,31,4,200,6.452,0,100,100,100,0,11098387413524487033,128
ResizableArray,31,5,100,3.226,0,100,100,100,0,11098387413524487033,384
BaselineArray,31,5,100,3.226,0,100,100,100,0,11098387413524487033,128
ResizableArray,31,6,200,6.452,0,100,100,100,0,11098387413524487033,384
BaselineArray,31,6,200,6.452,0,100,100,100,100,11098387413524487033,128
ResizableArray,31,7,100,3.226,0,100,100,100,0,11098387413524487033,384
BaselineArray,31,7,200,6.452,0,100,100,100,100,11098387413524487033,128
ResizableArray,31,8,100,3.226,0,100,100,100,100,11098387413524487033,384
BaselineArray,31,8,100,3.226,0,100,100,100,100,11098387413524487033,128
ResizableArray,31,9,200,6.452,0,100,100,100,0,11098387413524487033,384
BaselineArray,31,9,100,3.226,0,100,100,100,100,11098387413524487033,128
ResizableArray,32,0,200,6.250,0,100,100,100,0,1215877606962778092,256
BaselineArray,32,0,200,6.250,0,100,100,100,100,1215877606962778092,128
ResizableArray,32,1,100,3.125,0,100,100,100,0,1215877606962778092,256
BaselineArray,32,1,100,3.125,0,100,100,100,0,1215877606962778092,128
ResizableArray,32,2,200,6.250,0,100,100,100,0,1215877606962778092,256
BaselineArray,32,2,200,6.250,0,100,100,100,0,1215877606962778092,128
ResizableArray,32,3,100,3.125,0,100,100,100,0,1215877606962778092,256
BaselineArray,32,3,100,3.125,0,100,100,100,100,1215877606962778092,128
ResizableArray,32,4,200,6.250,0,100,100,100,0,1215877606962778092,256
BaselineArray,32,4,200,6.250,0,100,100,100,0,1215877606962778092,128
ResizableArray,32,5,100,3.125,0,100,100,100,0,1215877606962778092,256
BaselineArray,32,5,100,3.125,0,100,100,100,0,1215877606962778092,128
ResizableArray,32,6,100,3.125,0,100,100,100,0,1215877606962778092,256
BaselineArray,32,6,200,6.250,0,100,100,100,0,1215877606962778092,128
ResizableArray,32,7,100,3.125,0,100,100,100,0,1215877606962778092,256
BaselineArray,32,7,200,6.250,0,100,100,100,100,1215877606962778092,128
ResizableArray,32,8,200,6.250,0,100,100,100,100,1215877606962778092,256
BaselineArray,32,8,100,3.125,0,100,100,100,0,1215877606962778092,128
ResizableArray,32,9,200,6.250,0,100,100,100,100,1215877606962778092,256
BaselineArray,32,9,200,6.250,0,100,100,100,100,1215877606962778092,128
ResizableArray,33,0,200,6.061,0,100,100,100,0,6158521484517949110,768
BaselineArray,33,0,200,6.061,0,100,100,100,100,6158521484517949110,256
ResizableArray,33,1,200,6.061,0,100,100,100,0,6158521484517949110,768
BaselineArray,33,1,200,6.061,0,100,100,100,0,6158521484517949110,256
ResizableArray,33,2,100,3.030,0,100,100,100,0,6158521484517949110,768
BaselineArray,33,2,200,6.061,0,100,100,100,0,6158521484517949110,256
ResizableArray,33,3,200,6.061,0,100,100,100,0,6158521484517949110,768
BaselineArray,33,3,200,6.061,0,100,100,100,100,6158521484517949110,256
ResizableArray,33,4,200,6.061,0,100,100,100,100,6158521484517949110,768
BaselineArray,33,4,200,6.061,0,100,100,100,0,6158521484517949110,256
ResizableArray,33,5,200,6.061,0,100,100,100,0,6158521484517949110,768
BaselineArray,33,5,200,6.061,0,100,100,100,100,6158521484517949110,256
ResizableArray,33,6,200,6.061,0,100,100,100,0,6158521484517949110,768
BaselineArray,33,6,100,3.030,0,100,100,100,0,6158521484517949110,256
ResizableArray,33,7,200,6.061,0,100,100,100,100,6158521484517949110,768
BaselineArray,33,7,200,6.061,0,100,100,100,0,6158521484517949110,256
ResizableArray,33,8,200,6.061,0,100,100,100,100,6158521484517949110,768
BaselineArray,33,8,200,6.061,0,100,100,100,0,6158521484517949110,256
ResizableArray,33,9,100,3.030,0,100,100,100,100,6158521484517949110,768
BaselineArray,33,9,200,6.061,0,100,100,100,0,6158521484517949110,256
ResizableArray,63,0,100,1.587,0,100,100,100,100,17292601110330596212,768
BaselineArray,63,0,200,3.175,0,100,100,100,0,17292601110330596212,256
ResizableArray,63,1,200,3.175,0,100,100,100,100,17292601110330596212,768
BaselineArray,63,1,200,3.175,0,100,100,100,0,17292601110330596212,256
ResizableArray,63,2,100,1.587,0,100,100,100,100,17292601110330596212,768
BaselineArray,63,2,100,1.587,0,100,100,100,100,17292601110330596212,256
ResizableArray,63,3,200,3.175,0,100,100,100,100,17292601110330596212,768
BaselineArray,63,3,200,3.175,0,100,100,100,100,17292601110330596212,256
ResizableArray,63,4,200,3.175,0,100,100,100,0,17292601110330596212,768
BaselineArray,63,4,100,1.587,0,100,100,100,100,17292601110330596212,256
ResizableArray,63,5,200,3.175,0,100,100,100,100,17292601110330596212,768
BaselineArray,63,5,100,1.587,0,100,100,100,100,17292601110330596212,256
ResizableArray,63,6,200,3.175,0,100,100,100,100,17292601110330596212,768
BaselineArray,63,6,100,1.587,0,100,100,100,100,17292601110330596212,256
ResizableArray,63,7,200,3.175,0,100,100,100,100,17292601110330596212,768
BaselineArray,63,7,100,1.587,0,100,100,100,100,17292601110330596212,256
ResizableArray,63,8,200,3.175,0,100,100,100,0,17292601110330596212,768
BaselineArray,63,8,200,3.175,0,100,100,100,0,17292601110330596212,256
ResizableArray,63,9,200,3.175,0,100,100,100,0,17292601110330596212,768
BaselineArray,63,9,200,3.175,0,100,100,100,100,17292601110330596212,256
ResizableArray,64,0,200,3.125,0,100,100,100,0,4156725595335982427,512
BaselineArray,64,0,200,3.125,0,100,100,100,0,4156725595335982427,256
ResizableArray,64,1,200,3.125,0,100,100,100,100,4156725595335982427,512
BaselineArray,64,1,200,3.125,0,100,100,100,0,4156725595335982427,256
ResizableArray,64,2,200,3.125,0,100,100,100,100,4156725595335982427,512
BaselineArray,64,2,100,1.562,0,100,100,100,0,4156725595335982427,256
ResizableArray,64,3,200,3.125,0,100,100,100,0,4156725595335982427,512
BaselineArray,64,3,200,3.125,0,100,100,100,0,4156725595335982427,256
ResizableArray,64,4,200,3.125,0,100,100,100,0,4156725595335982427,512
BaselineArray,64,4,200,3.125,0,100,100,100,100,4156725595335982427,256
ResizableArray,64,5,200,3.125,0,100,100,100,0,4156725595335982427,512
BaselineArray,64,5,200,3.125,0,100,100,100,100,4156725595335982427,256
ResizableArray,64,6,200,3.125,0,100,100,100,100,4156725595335982427,512
BaselineArray,64,6,100,1.562,0,100,100,100,100,4156725595335982427,256
ResizableArray,64,7,200,3.125,0,100,100,100,100,4156725595335982427,512
BaselineArray,64,7,100,1.562,0,100,100,100,100,4156725595335982427,256
ResizableArray,64,8,300,4.688,0,100,100,100,0,4156725595335982427,512
BaselineArray,64,8,200,3.125,0,100,100,100,100,4156725595335982427,256
ResizableArray,64,9,200,3.125,0,100,100,100,0,4156725595335982427,512
BaselineArray,64,9,100,1.562,0,100,100,100,0,4156725595335982427,256
ResizableArray,65,0,200,3.077,0,100,100,100,100,12710666143234758476,1536
BaselineArray,65,0,200,3.077,0,100,100,100,0,12710666143234758476,512
ResizableArray,65,1,200,3.077,0,100,100,100,0,12710666143234758476,1536
BaselineArray,65,1,200,3.077,0,100,100,100,100,12710666143234758476,512
ResizableArray,65,2,300,4.615,0,100,100,100,100,12710666143234758476,1536
BaselineArray,65,2,200,3.077,0,100,100,100,100,12710666143234758476,512
ResizableArray,65,3,200,3.077,0,100,100,100,100,12710666143234758476,1536
BaselineArray,65,3,200,3.077,0,100,100,100,100,12710666143234758476,512
ResizableArray,65,4,300,4.615,0,100,100,100,100,12710666143234758476,1536
BaselineArray,65,4,200,3.077,0,100,100,100,100,12710666143234758476,512
ResizableArray,65,5,300,4.615,0,100,100,100,100,12710666143234758476,1536
BaselineArray,65,5,200,3.077,0,100,100,100,100,12710666143234758476,512
ResizableArray,65,6,200,3.077,0,100,100,100,100,12710666143234758476,1536
BaselineArray,65,6,300,4.615,0,100,100,100,0,12710666143234758476,512
ResizableArray,65,7,300,4.615,0,100,100,100,0,12710666143234758476,1536
BaselineArray,65,7,300,4.615,0,100,100,100,100,12710666143234758476,512
ResizableArray,65,8,300,4.615,0,100,100,100,0,12710666143234758476,1536
BaselineArray,65,8,300,4.615,0,100,100,100,100,12710666143234758476,512
ResizableArray,65,9,300,4.615,0,100,100,100,100,12710666143234758476,1536
BaselineArray,65,9,200,3.077,0,100,100,100,0,12710666143234758476,512
ResizableArray,127,0,300,2.362,0,100,100,100,200,4615455325303210370,1536
BaselineArray,127,0,200,1.575,0,100,100,100,100,4615455325303210370,512
ResizableArray,127,1,200,1.575,0,100,100,100,100,4615455325303210370,1536
BaselineArray,127,1,200,1.575,0,100,100,100,100,4615455325303210370,512
ResizableArray,127,2,300,2.362,0,100,100,100,100,4615455325303210370,1536
BaselineArray,127,2,300,2.362,0,100,100,100,100,4615455325303210370,512
ResizableArray,127,3,200,1.575,0,100,100,100,100,4615455325303210370,1536
BaselineArray,127,3,200,1.575,0,100,100,100,100,4615455325303210370,512
ResizableArray,127,4,200,1.575,0,100,100,100,100,4615455325303210370,1536
BaselineArray,127,4,300,2.362,0,100,100,100,100,4615455325303210370,512
ResizableArray,127,5,300,2.362,0,100,100,100,100,4615455325303210370,1536
BaselineArray,127,5,200,1.575,0,100,100,100,100,4615455325303210370,512
ResizableArray,127,6,300,2.362,0,100,100,100,100,4615455325303210370,1536
BaselineArray,127,6,300,2.362,0,100,100,100,200,4615455325303210370,512
ResizableArray,127,7,300,2.362,0,100,100,100,100,4615455325303210370,1536
BaselineArray,127,7,200,1.575,0,100,100,100,100,4615455325303210370,512
ResizableArray,127,8,200,1.575,0,100,100,100,100,4615455325303210370,1536
BaselineArray,127,8,200,1.575,0,100,100,100,100,4615455325303210370,512
ResizableArray,127,9,300,2.362,0,100,100,100,200,4615455325303210370,1536
BaselineArray,127,9,300,2.362,0,100,100,100,100,4615455325303210370,512
ResizableArray,128,0,300,2.344,0,100,100,100,100,5228071469893529798,1024
BaselineArray,128,0,200,1.562,0,100,100,100,100,5228071469893529798,512
ResizableArray,128,1,300,2.344,0,100,100,100,100,5228071469893529798,1024
BaselineArray,128,1,200,1.562,0,100,100,100,100,5228071469893529798,512
ResizableArray,128,2,300,2.344,0,100,100,100,100,5228071469893529798,1024
BaselineArray,128,2,300,2.344,0,100,100,100,100,5228071469893529798,512
ResizableArray,128,3,300,2.344,0,100,100,100,100,5228071469893529798,1024
BaselineArray,128,3,300,2.344,0,100,100,100,100,5228071469893529798,512
ResizableArray,128,4,300,2.344,0,100,800,900,200,5228071469893529798,1024
BaselineArray,128,4,600,4.688,0,100,100,100,200,5228071469893529798,512
ResizableArray,128,5,600,4.688,0,100,100,100,200,5228071469893529798,1024
BaselineArray,128,5,400,3.125,0,100,100,200,200,5228071469893529798,512
ResizableArray,128,6,400,3.125,0,100,100,100,100,5228071469893529798,1024
BaselineArray,128,6,300,2.344,0,100,100,100,100,5228071469893529798,512
ResizableArray,128,7,400,3.125,0,100,100,100,100,5228071469893529798,1024
BaselineArray,128,7,300,2.344,0,100,100,100,200,5228071469893529798,512
ResizableArray,128,8,400,3.125,0,100,100,100,200,5228071469893529798,1024
BaselineArray,128,8,300,2.344,0,100,100,100,100,5228071469893529798,512
ResizableArray,128,9,400,3.125,0,100,100,100,100,5228071469893529798,1024
BaselineArray,128,9,200,1.562,0,100,100,100,100,5228071469893529798,512
ResizableArray,129,0,300,2.326,0,100,100,100,100,4517065555842681453,3072
BaselineArray,129,0,400,3.101,0,100,100,100,100,4517065555842681453,1024
ResizableArray,129,1,400,3.101,0,100,100,100,100,4517065555842681453,3072
BaselineArray,129,1,300,2.326,0,100,100,100,100,4517065555842681453,1024
ResizableArray,129,2,400,3.101,0,100,100,100,100,4517065555842681453,3072
BaselineArray,129,2,300,2.326,0,100,100,100,100,4517065555842681453,1024
ResizableArray,129,3,300,2.326,0,100,100,100,100,4517065555842681453,3072
BaselineArray,129,3,400,3.101,0,100,100,100,200,4517065555842681453,1024
ResizableArray,129,4,400,3.101,0,100,100,100,100,4517065555842681453,3072
BaselineArray,129,4,300,2.326,0,100,100,200,100,4517065555842681453,1024
ResizableArray,129,5,300,2.326,0,100,100,100,200,4517065555842681453,3072
BaselineArray,129,5,400,3.101,0,100,100,100,100,4517065555842681453,1024
ResizableArray,129,6,300,2.326,0,100,100,100,100,4517065555842681453,3072
BaselineArray,129,6,400,3.101,0,100,100,100,100,4517065555842681453,1024
ResizableArray,129,7,300,2.326,0,100,100,100,100,4517065555842681453,3072
BaselineArray,129,7,400,3.101,0,100,100,100,100,4517065555842681453,1024
ResizableArray,129,8,300,2.326,0,100,100,100,100,4517065555842681453,3072
BaselineArray,129,8,400,3.101,0,100,100,200,100,4517065555842681453,1024
ResizableArray,129,9,400,3.101,0,100,100,100,100,4517065555842681453,3072
BaselineArray,129,9,400,3.101,0,100,100,200,100,4517065555842681453,1024
ResizableArray,255,0,600,2.353,0,100,100,10800,600,15484952791302189885,3072
BaselineArray,255,0,500,1.961,0,100,100,200,300,15484952791302189885,1024
ResizableArray,255,1,500,1.961,0,100,100,100,400,15484952791302189885,3072
BaselineArray,255,1,400,1.569,0,100,100,200,300,15484952791302189885,1024
ResizableArray,255,2,400,1.569,0,100,100,100,400,15484952791302189885,3072
BaselineArray,255,2,400,1.569,0,100,100,200,200,15484952791302189885,1024
ResizableArray,255,3,400,1.569,0,100,100,100,200,15484952791302189885,3072
BaselineArray,255,3,400,1.569,0,100,100,200,200,15484952791302189885,1024
ResizableArray,255,4,400,1.569,0,100,100,100,200,15484952791302189885,3072
BaselineArray,255,4,400,1.569,0,100,100,100,300,15484952791302189885,1024
ResizableArray,255,5,400,1.569,0,100,100,100,300,15484952791302189885,3072
BaselineArray,255,5,400,1.569,0,100,100,200,300,15484952791302189885,1024
ResizableArray,255,6,500,1.961,0,100,100,100,300,15484952791302189885,3072
BaselineArray,255,6,500,1.961,0,100,100,100,200,15484952791302189885,1024
ResizableArray,255,7,400,1.569,0,100,100,100,300,15484952791302189885,3072
BaselineArray,255,7,400,1.569,0,100,100,100,300,15484952791302189885,1024
ResizableArray,255,8,500,1.961,0,100,100,100,300,15484952791302189885,3072
BaselineArray,255,8,400,1.569,0,100,100,100,200,15484952791302189885,1024
ResizableArray,255,9,400,1.569,0,100,100,100,200,15484952791302189885,3072
BaselineArray,255,9,300,1.176,0,100,100,100,200,15484952791302189885,1024
ResizableArray,256,0,400,1.562,0,100,100,100,200,10530590733422394673,2048
BaselineArray,256,0,400,1.562,0,100,100,100,200,10530590733422394673,1024
ResizableArray,256,1,400,1.562,0,100,100,100,200,10530590733422394673,2048
BaselineArray,256,1,400,1.562,0,100,100,100,200,10530590733422394673,1024
ResizableArray,256,2,400,1.562,0,100,100,100,200,10530590733422394673,2048
BaselineArray,256,2,400,1.562,0,100,100,100,200,10530590733422394673,1024
ResizableArray,256,3,400,1.562,0,100,100,100,200,10530590733422394673,2048
BaselineArray,256,3,300,1.172,0,100,100,100,300,10530590733422394673,1024
ResizableArray,256,4,400,1.562,0,100,100,100,200,10530590733422394673,2048
BaselineArray,256,4,300,1.172,0,100,100,100,200,10530590733422394673,1024
ResizableArray,256,5,400,1.562,0,100,100,100,200,10530590733422394673,2048
BaselineArray,256,5,300,1.172,0,100,100,100,200,10530590733422394673,1024
ResizableArray,256,6,400,1.562,0,100,100,300,200,10530590733422394673,2048
BaselineArray,256,6,300,1.172,0,100,100,200,200,10530590733422394673,1024
ResizableArray,256,7,400,1.562,0,100,100,100,200,10530590733422394673,2048
BaselineArray,256,7,300,1.172,0,100,100,300,200,10530590733422394673,1024
ResizableArray,256,8,400,1.562,0,100,100,100,200,10530590733422394673,2048
BaselineArray,256,8,300,1.172,0,100,100,100,200,10530590733422394673,1024
ResizableArray,256,9,400,1.562,0,100,100,100,200,10530590733422394673,2048
BaselineArray,256,9,400,1.562,0,100,100,100,200,10530590733422394673,1024
ResizableArray,257,0,500,1.946,0,100,100,100,200,9923341887783729144,6144
BaselineArray,257,0,500,1.946,0,100,100,100,200,9923341887783729144,2048
ResizableArray,257,1,500,1.946,0,100,100,100,200,9923341887783729144,6144
BaselineArray,257,1,400,1.556,0,100,100,200,200,9923341887783729144,2048
ResizableArray,257,2,400,1.556,0,100,100,100,200,9923341887783729144,6144
BaselineArray,257,2,400,1.556,0,100,100,100,200,9923341887783729144,2048
ResizableArray,257,3,500,1.946,0,100,100,100,200,9923341887783729144,6144
BaselineArray,257,3,400,1.556,0,100,100,200,300,9923341887783729144,2048
ResizableArray,257,4,400,1.556,0,100,100,100,300,9923341887783729144,6144
BaselineArray,257,4,400,1.556,0,100,100,100,200,9923341887783729144,2048
ResizableArray,257,5,400,1.556,0,100,100,100,200,9923341887783729144,6144
BaselineArray,257,5,400,1.556,0,100,100,100,200,9923341887783729144,2048
ResizableArray,257,6,400,1.556,0,100,100,100,200,9923341887783729144,6144
BaselineArray,257,6,400,1.556,0,100,100,100,200,9923341887783729144,2048
ResizableArray,257,7,400,1.556,0,100,100,100,200,9923341887783729144,6144
BaselineArray,257,7,400,1.556,0,100,100,200,200,9923341887783729144,2048
ResizableArray,257,8,500,1.946,0,100,100,100,200,9923341887783729144,6144
BaselineArray,257,8,400,1.556,0,100,100,100,200,9923341887783729144,2048
ResizableArray,257,9,400,1.556,0,100,100,100,200,9923341887783729144,6144
BaselineArray,257,9,400,1.556,0,100,100,100,200,9923341887783729144,2048
ResizableArray,511,0,600,1.174,0,100,100,300,900,17793844760764901599,6144
BaselineArray,511,0,500,0.978,0,100,100,100,400,17793844760764901599,2048
ResizableArray,511,1,600,1.174,0,100,100,100,600,17793844760764901599,6144
BaselineArray,511,1,500,0.978,0,100,100,200,500,17793844760764901599,2048
ResizableArray,511,2,600,1.174,0,100,100,100,600,17793844760764901599,6144
BaselineArray,511,2,400,0.783,0,100,100,100,400,17793844760764901599,2048
ResizableArray,511,3,500,0.978,0,100,100,100,600,17793844760764901599,6144
BaselineArray,511,3,500,0.978,0,100,100,200,400,17793844760764901599,2048
ResizableArray,511,4,600,1.174,0,100,100,300,500,17793844760764901599,6144
BaselineArray,511,4,500,0.978,0,100,100,200,600,17793844760764901599,2048
ResizableArray,511,5,600,1.174,0,100,100,100,500,17793844760764901599,6144
BaselineArray,511,5,500,0.978,0,100,100,200,400,17793844760764901599,2048
ResizableArray,511,6,600,1.174,0,100,100,100,600,17793844760764901599,6144
BaselineArray,511,6,500,0.978,0,100,100,100,400,17793844760764901599,2048
ResizableArray,511,7,600,1.174,0,100,100,100,500,17793844760764901599,6144
BaselineArray,511,7,500,0.978,0,100,100,200,400,17793844760764901599,2048
ResizableArray,511,8,800,1.566,0,100,100,100,600,17793844760764901599,6144
BaselineArray,511,8,500,0.978,0,100,100,200,400,17793844760764901599,2048
ResizableArray,511,9,600,1.174,0,100,100,200,500,17793844760764901599,6144
BaselineArray,511,9,400,0.783,0,100,100,300,400,17793844760764901599,2048
ResizableArray,512,0,600,1.172,0,100,100,100,400,10790232345603958881,4096
BaselineArray,512,0,500,0.977,0,100,100,100,500,10790232345603958881,2048
ResizableArray,512,1,600,1.172,0,100,100,100,400,10790232345603958881,4096
BaselineArray,512,1,500,0.977,0,100,100,200,500,10790232345603958881,2048
ResizableArray,512,2,600,1.172,0,100,100,100,400,10790232345603958881,4096
BaselineArray,512,2,500,0.977,0,100,100,300,500,10790232345603958881,2048
ResizableArray,512,3,600,1.172,0,100,100,100,500,10790232345603958881,4096
BaselineArray,512,3,400,0.781,0,100,100,300,400,10790232345603958881,2048
ResizableArray,512,4,600,1.172,0,100,100,100,400,10790232345603958881,4096
BaselineArray,512,4,400,0.781,0,100,100,200,400,10790232345603958881,2048
ResizableArray,512,5,600,1.172,0,100,100,100,400,10790232345603958881,4096
BaselineArray,512,5,400,0.781,0,100,100,100,400,10790232345603958881,2048
ResizableArray,512,6,600,1.172,0,100,100,100,400,10790232345603958881,4096
BaselineArray,512,6,500,0.977,0,100,100,100,400,10790232345603958881,2048
ResizableArray,512,7,600,1.172,0,100,100,100,500,10790232345603958881,4096
BaselineArray,512,7,500,0.977,0,100,100,100,400,10790232345603958881,2048
ResizableArray,512,8,600,1.172,0,100,100,100,400,10790232345603958881,4096
BaselineArray,512,8,500,0.977,0,100,100,200,400,10790232345603958881,2048
ResizableArray,512,9,600,1.172,0,100,100,100,400,10790232345603958881,4096
BaselineArray,512,9,500,0.977,0,100,100,200,400,10790232345603958881,2048
ResizableArray,513,0,700,1.365,0,100,100,100,400,3130718655788556842,12288
BaselineArray,513,0,600,1.170,0,100,100,200,400,3130718655788556842,4096
ResizableArray,513,1,600,1.170,0,100,100,100,500,3130718655788556842,12288
BaselineArray,513,1,500,0.975,0,100,100,200,500,3130718655788556842,4096
ResizableArray,513,2,700,1.365,0,100,100,100,400,3130718655788556842,12288
BaselineArray,513,2,600,1.170,0,100,100,200,400,3130718655788556842,4096
ResizableArray,513,3,600,1.170,0,100,100,100,400,3130718655788556842,12288
BaselineArray,513,3,600,1.170,0,100,100,200,400,3130718655788556842,4096
ResizableArray,513,4,600,1.170,0,100,100,67500,400,3130718655788556842,12288
BaselineArray,513,4,600,1.170,0,100,100,100,400,3130718655788556842,4096
ResizableArray,513,5,600,1.170,0,100,100,100,400,3130718655788556842,12288
BaselineArray,513,5,500,0.975,0,100,100,100,400,3130718655788556842,4096
ResizableArray,513,6,700,1.365,0,100,100,100,500,3130718655788556842,12288
BaselineArray,513,6,600,1.170,0,100,100,100,400,3130718655788556842,4096
ResizableArray,513,7,800,1.559,0,100,100,100,400,3130718655788556842,12288
BaselineArray,513,7,600,1.170,0,100,100,200,400,3130718655788556842,4096
ResizableArray,513,8,700,1.365,0,100,100,100,400,3130718655788556842,12288
BaselineArray,513,8,500,0.975,0,100,100,100,400,3130718655788556842,4096
ResizableArray,513,9,700,1.365,0,100,100,100,400,3130718655788556842,12288
BaselineArray,513,9,500,0.975,0,100,100,100,400,3130718655788556842,4096
ResizableArray,1023,0,800,0.782,0,100,100,100,2000,8523686894649972369,12288
BaselineArray,1023,0,700,0.684,0,100,100,100,800,8523686894649972369,4096
ResizableArray,1023,1,900,0.880,0,100,100,100,1500,8523686894649972369,12288
BaselineArray,1023,1,600,0.587,0,100,100,100,800,8523686894649972369,4096
ResizableArray,1023,2,800,0.782,0,100,100,100,1300,8523686894649972369,12288
BaselineArray,1023,2,600,0.587,0,100,100,100,900,8523686894649972369,4096
ResizableArray,1023,3,800,0.782,0,100,100,3200,1100,8523686894649972369,12288
BaselineArray,1023,3,600,0.587,0,100,100,200,900,8523686894649972369,4096
ResizableArray,1023,4,800,0.782,0,100,100,100,1100,8523686894649972369,12288
BaselineArray,1023,4,600,0.587,0,100,100,100,800,8523686894649972369,4096
ResizableArray,1023,5,800,0.782,0,100,100,100,900,8523686894649972369,12288
BaselineArray,1023,5,600,0.587,0,100,100,100,800,8523686894649972369,4096
ResizableArray,1023,6,900,0.880,0,100,100,100,900,8523686894649972369,12288
BaselineArray,1023,6,600,0.587,0,100,100,100,800,8523686894649972369,4096
ResizableArray,1023,7,900,0.880,0,100,100,100,800,8523686894649972369,12288
BaselineArray,1023,7,600,0.587,0,100,100,100,800,8523686894649972369,4096
ResizableArray,1023,8,800,0.782,0,100,100,100,900,8523686894649972369,12288
BaselineArray,1023,8,600,0.587,0,100,100,100,800,8523686894649972369,4096
ResizableArray,1023,9,800,0.782,0,100,100,100,800,8523686894649972369,12288
BaselineArray,1023,9,600,0.587,0,100,100,100,800,8523686894649972369,4096
ResizableArray,1024,0,900,0.879,0,100,100,100,800,11232421581435066507,8192
BaselineArray,1024,0,600,0.586,0,100,100,100,900,11232421581435066507,4096
ResizableArray,1024,1,1000,0.977,0,100,100,1900,800,11232421581435066507,8192
BaselineArray,1024,1,600,0.586,0,100,100,100,800,11232421581435066507,4096
ResizableArray,1024,2,900,0.879,0,100,100,100,800,11232421581435066507,8192
BaselineArray,1024,2,600,0.586,0,100,100,100,800,11232421581435066507,4096
ResizableArray,1024,3,800,0.781,0,100,100,100,800,11232421581435066507,8192
BaselineArray,1024,3,600,0.586,0,100,100,100,800,11232421581435066507,4096
ResizableArray,1024,4,900,0.879,0,100,100,100,900,11232421581435066507,8192
BaselineArray,1024,4,600,0.586,0,100,100,100,800,11232421581435066507,4096
ResizableArray,1024,5,800,0.781,0,100,100,100,800,11232421581435066507,8192
BaselineArray,1024,5,600,0.586,0,100,100,100,800,11232421581435066507,4096
ResizableArray,1024,6,800,0.781,0,100,100,100,800,11232421581435066507,8192
BaselineArray,1024,6,600,0.586,0,100,100,100,900,11232421581435066507,4096
ResizableArray,1024,7,900,0.879,0,100,100,100,800,11232421581435066507,8192
BaselineArray,1024,7,600,0.586,0,100,100,100,800,11232421581435066507,4096
ResizableArray,1024,8,800,0.781,0,100,100,100,900,11232421581435066507,8192
BaselineArray,1024,8,600,0.586,0,100,100,100,800,11232421581435066507,4096
ResizableArray,1024,9,800,0.781,0,100,100,100,900,11232421581435066507,8192
BaselineArray,1024,9,600,0.586,0,100,100,100,800,11232421581435066507,4096
ResizableArray,1025,0,900,0.878,0,100,100,100,800,2775959781439055321,24576
BaselineArray,1025,0,700,0.683,0,100,100,100,800,2775959781439055321,8192
ResizableArray,1025,1,900,0.878,0,100,100,100,800,2775959781439055321,24576
BaselineArray,1025,1,700,0.683,0,100,100,200,800,2775959781439055321,8192
ResizableArray,1025,2,900,0.878,0,100,100,100,900,2775959781439055321,24576
BaselineArray,1025,2,700,0.683,0,100,100,100,900,2775959781439055321,8192
ResizableArray,1025,3,900,0.878,0,100,100,100,900,2775959781439055321,24576
BaselineArray,1025,3,700,0.683,0,100,100,200,800,2775959781439055321,8192
ResizableArray,1025,4,900,0.878,0,100,100,100,800,2775959781439055321,24576
BaselineArray,1025,4,700,0.683,0,100,100,200,800,2775959781439055321,8192
ResizableArray,1025,5,800,0.780,0,100,100,100,800,2775959781439055321,24576
BaselineArray,1025,5,600,0.585,0,100,100,200,800,2775959781439055321,8192
ResizableArray,1025,6,900,0.878,0,100,100,100,800,2775959781439055321,24576
BaselineArray,1025,6,700,0.683,0,100,100,200,800,2775959781439055321,8192
ResizableArray,1025,7,900,0.878,0,100,100,100,800,2775959781439055321,24576
BaselineArray,1025,7,700,0.683,0,100,100,100,900,2775959781439055321,8192
ResizableArray,1025,8,900,0.878,0,100,100,3700,800,2775959781439055321,24576
BaselineArray,1025,8,700,0.683,0,100,100,200,800,2775959781439055321,8192
ResizableArray,1025,9,900,0.878,0,100,100,100,800,2775959781439055321,24576
BaselineArray,1025,9,700,0.683,0,100,100,100,900,2775959781439055321,8192
ResizableArray,2047,0,1400,0.684,0,100,100,100,4400,16906902555944047352,24576
BaselineArray,2047,0,900,0.440,0,100,100,200,1700,16906902555944047352,8192
ResizableArray,2047,1,1500,0.733,0,100,100,100,3900,16906902555944047352,24576
BaselineArray,2047,1,900,0.440,0,100,100,200,1700,16906902555944047352,8192
ResizableArray,2047,2,1500,0.733,0,100,100,100,3400,16906902555944047352,24576
BaselineArray,2047,2,1000,0.489,0,100,100,200,1700,16906902555944047352,8192
ResizableArray,2047,3,1400,0.684,0,100,100,100,3000,16906902555944047352,24576
BaselineArray,2047,3,900,0.440,0,100,100,100,1600,16906902555944047352,8192
ResizableArray,2047,4,1400,0.684,0,100,100,100,2500,16906902555944047352,24576
BaselineArray,2047,4,1000,0.489,0,100,100,200,1700,16906902555944047352,8192
ResizableArray,2047,5,1400,0.684,0,100,100,100,2500,16906902555944047352,24576
BaselineArray,2047,5,1000,0.489,0,100,100,200,1700,16906902555944047352,8192
ResizableArray,2047,6,1500,0.733,0,100,100,100,2500,16906902555944047352,24576
BaselineArray,2047,6,1100,0.537,0,100,100,2100,1800,16906902555944047352,8192
ResizableArray,2047,7,1600,0.782,0,100,100,100,2200,16906902555944047352,24576
BaselineArray,2047,7,1100,0.537,0,100,100,200,1600,16906902555944047352,8192
ResizableArray,2047,8,1400,0.684,0,100,100,34100,2200,16906902555944047352,24576
BaselineArray,2047,8,1000,0.489,0,100,100,200,1600,16906902555944047352,8192
ResizableArray,2047,9,1600,0.782,0,100,100,100,1800,16906902555944047352,24576
BaselineArray,2047,9,900,0.440,0,100,100,200,1700,16906902555944047352,8192
ResizableArray,2048,0,1600,0.781,0,100,100,100,1600,12459520245459788255,16384
BaselineArray,2048,0,900,0.439,0,100,100,100,1600,12459520245459788255,8192
ResizableArray,2048,1,1400,0.684,0,100,100,100,1700,12459520245459788255,16384
BaselineArray,2048,1,1000,0.488,0,100,100,100,1600,12459520245459788255,8192
ResizableArray,2048,2,1500,0.732,0,100,100,100,1700,12459520245459788255,16384
BaselineArray,2048,2,1000,0.488,0,100,100,200,1600,12459520245459788255,8192
ResizableArray,2048,3,1500,0.732,0,100,100,100,1600,12459520245459788255,16384
BaselineArray,2048,3,900,0.439,0,100,100,100,1700,12459520245459788255,8192
ResizableArray,2048,4,1500,0.732,0,100,100,100,1700,12459520245459788255,16384
BaselineArray,2048,4,1000,0.488,0,100,100,200,1700,12459520245459788255,8192
ResizableArray,2048,5,1500,0.732,0,100,100,100,1600,12459520245459788255,16384
BaselineArray,2048,5,1000,0.488,0,100,100,200,1700,12459520245459788255,8192
ResizableArray,2048,6,1400,0.684,0,100,100,100,1600,12459520245459788255,16384
BaselineArray,2048,6,1000,0.488,0,100,100,200,1600,12459520245459788255,8192
ResizableArray,2048,7,1400,0.684,0,100,100,100,1600,12459520245459788255,16384
BaselineArray,2048,7,900,0.439,0,100,100,200,1700,12459520245459788255,8192
ResizableArray,2048,8,1500,0.732,0,100,100,100,1600,12459520245459788255,16384
BaselineArray,2048,8,900,0.439,0,100,100,100,1700,12459520245459788255,8192
ResizableArray,2048,9,1500,0.732,0,100,100,89400,1600,12459520245459788255,16384
BaselineArray,2048,9,1100,0.537,0,100,100,200,1600,12459520245459788255,8192
ResizableArray,2049,0,3700,1.806,0,100,100,2000,1700,16728717555825275455,49152
BaselineArray,2049,0,22800,11.127,0,100,100,200,1700,16728717555825275455,16384
ResizableArray,2049,1,2600,1.269,0,100,100,1900,1700,16728717555825275455,49152
BaselineArray,2049,1,1300,0.634,0,100,100,200,1600,16728717555825275455,16384
ResizableArray,2049,2,1500,0.732,0,100,100,1900,1700,16728717555825275455,49152
BaselineArray,2049,2,1400,0.683,0,100,100,200,1800,16728717555825275455,16384
ResizableArray,2049,3,1700,0.830,0,100,100,2000,1600,16728717555825275455,49152
BaselineArray,2049,3,1300,0.634,0,100,100,200,1600,16728717555825275455,16384
ResizableArray,2049,4,1600,0.781,0,100,100,1900,1700,16728717555825275455,49152
BaselineArray,2049,4,1200,0.586,0,100,100,200,1600,16728717555825275455,16384
ResizableArray,2049,5,1600,0.781,0,100,100,1800,1600,16728717555825275455,49152
BaselineArray,2049,5,1300,0.634,0,100,100,300,1700,16728717555825275455,16384
ResizableArray,2049,6,1600,0.781,0,100,100,1900,1600,16728717555825275455,49152
BaselineArray,2049,6,1300,0.634,0,100,100,200,1600,16728717555825275455,16384
ResizableArray,2049,7,1500,0.732,0,100,100,1900,1600,16728717555825275455,49152
BaselineArray,2049,7,1300,0.634,0,100,100,200,1600,16728717555825275455,16384
ResizableArray,2049,8,1500,0.732,0,100,100,1900,1600,16728717555825275455,49152
BaselineArray,2049,8,1400,0.683,0,100,100,200,1600,16728717555825275455,16384
ResizableArray,2049,9,1500,0.732,0,100,100,1900,1600,16728717555825275455,49152
BaselineArray,2049,9,1200,0.586,0,100,100,200,1600,16728717555825275455,16384
ResizableArray,4095,0,2700,0.659,0,100,100,2500,11100,16452277520199245753,49152
BaselineArray,4095,0,3100,0.757,0,100,100,200,3300,16452277520199245753,16384
ResizableArray,4095,1,3000,0.733,0,100,100,4900,14400,16452277520199245753,49152
BaselineArray,4095,1,2800,0.684,0,100,100,300,4200,16452277520199245753,16384
ResizableArray,4095,2,3900,0.952,0,100,100,2400,13300,16452277520199245753,49152
BaselineArray,4095,2,2500,0.611,0,100,100,300,4100,16452277520199245753,16384
ResizableArray,4095,3,10900,2.662,0,100,100,2100,12900,16452277520199245753,49152
BaselineArray,4095,3,2500,0.611,0,100,100,300,4100,16452277520199245753,16384
ResizableArray,4095,4,3600,0.879,0,100,100,100,10500,16452277520199245753,49152
BaselineArray,4095,4,2100,0.513,0,100,100,200,3300,16452277520199245753,16384
ResizableArray,4095,5,2900,0.708,0,100,100,100,7600,16452277520199245753,49152
BaselineArray,4095,5,1800,0.440,0,100,100,200,3300,16452277520199245753,16384
ResizableArray,4095,6,7800,1.905,0,100,100,1900,7000,16452277520199245753,49152
BaselineArray,4095,6,1600,0.391,0,100,100,200,3300,16452277520199245753,16384
ResizableArray,4095,7,2800,0.684,0,100,100,100,6200,16452277520199245753,49152
BaselineArray,4095,7,1500,0.366,0,100,100,200,3300,16452277520199245753,16384
ResizableArray,4095,8,2900,0.708,0,100,100,100,5900,16452277520199245753,49152
BaselineArray,4095,8,1700,0.415,0,100,100,200,3200,16452277520199245753,16384
ResizableArray,4095,9,8100,1.978,0,100,100,1800,5700,16452277520199245753,49152
BaselineArray,4095,9,1600,0.391,0,100,100,200,3200,16452277520199245753,16384
ResizableArray,4096,0,2900,0.708,0,100,100,100,3300,15539031081542021048,32768
BaselineArray,4096,0,1600,0.391,0,100,100,200,3200,15539031081542021048,16384
ResizableArray,4096,1,2700,0.659,0,100,100,100,3200,15539031081542021048,32768
BaselineArray,4096,1,1700,0.415,0,100,100,200,3200,15539031081542021048,16384
ResizableArray,4096,2,8500,2.075,0,100,100,2000,3200,15539031081542021048,32768
BaselineArray,4096,2,1700,0.415,0,100,100,200,3200,15539031081542021048,16384
ResizableArray,4096,3,2600,0.635,0,100,100,100,3300,15539031081542021048,32768
BaselineArray,4096,3,1800,0.439,0,100,100,200,3300,15539031081542021048,16384
ResizableArray,4096,4,2700,0.659,0,100,100,100,3200,15539031081542021048,32768
BaselineArray,4096,4,1800,0.439,0,100,100,200,3300,15539031081542021048,16384
ResizableArray,4096,5,8300,2.026,0,100,100,1800,3200,15539031081542021048,32768
BaselineArray,4096,5,1500,0.366,0,100,100,3800,3200,15539031081542021048,16384
ResizableArray,4096,6,2700,0.659,0,100,100,100,3300,15539031081542021048,32768
BaselineArray,4096,6,1700,0.415,0,100,100,200,3200,15539031081542021048,16384
ResizableArray,4096,7,2600,0.635,0,100,100,100,3300,15539031081542021048,32768
BaselineArray,4096,7,1700,0.415,0,100,100,200,3200,15539031081542021048,16384
ResizableArray,4096,8,8100,1.978,0,100,100,1700,3300,15539031081542021048,32768
BaselineArray,4096,8,1600,0.391,0,100,100,200,3200,15539031081542021048,16384
ResizableArray,4096,9,2600,0.635,0,100,100,100,3300,15539031081542021048,32768
BaselineArray,4096,9,1600,0.391,0,100,100,200,3200,15539031081542021048,16384
