index,value
0,-279757
1,-3497
2,684743
3,50906
4,329760
5,916760
6,-789358
7,-790790
8,98223
9,-809046
10,281163
11,967128
12,388735
13,-716171
14,-36633
15,-402118
16,828732
17,-724025
18,-519459
19,-125678
20,362168
21,-700260
22,-562724
23,366143
24,167380
25,145941
26,121792
27,154608
28,-407878
29,-42488
30,-931368
31,-995874
32,201634
33,-254204
34,875299
35,150946
36,-623577
37,-858902
38,-959767
39,-550206
40,852112
41,90635
42,75997
43,-164464
44,-619998
45,-399188
46,-199716
47,-757913
48,-42277
49,449423
50,876947
51,-690777
52,-1900
53,159266
54,-420109
55,-330877
56,212458
57,705948
58,562736
59,-584689
60,-164208
61,-932262
62,-788934
63,-91024
64,683695
65,326129
66,-190412
67,118033
68,400775
69,-721330
70,794996
71,112785
72,-612829
73,-786628
74,-734894
75,-550056
76,212765
77,722431
78,-584549
79,-734223
80,169113
81,76269
82,733082
83,407792
84,492449
85,734506
86,863479
87,-499043
88,419461
89,-175823
90,129705
91,587018
92,611140
93,-521216
94,-944668
95,-647703
96,100231
97,-894944
98,726770
99,-865519
100,-883075
101,53078
102,-937123
103,-920070
104,14665
105,-966358
106,713375
107,-870256
108,540892
109,-658008
110,-792453
111,618780
112,521311
113,197650
114,-432456
115,792305
116,189123
117,-790707
118,934735
119,870633
120,-88161
121,571792
122,656848
123,-196497
124,-268209
125,863194
126,258743
127,-776071
128,-764733
129,-157068
130,983018
131,762806
132,-268304
133,913721
134,-526195
135,86676
136,-885740
137,-720773
138,-223194
139,-79078
140,-726622
141,-884525
142,-830499
143,529656
144,554756
145,-380322
146,916241
147,-953630
148,399521
149,-814702
150,465630
151,-941451
152,884066
153,706608
154,-742772
155,763370
156,323554
157,447445
158,-578810
159,936616
160,-833367
161,175042
162,682142
163,-796822
164,-236824
165,-190202
166,-594639
167,493089
168,-617819
169,-268726
170,522313
171,221955
172,105044
173,851618
174,886931
175,-145014
176,-214919
177,954621
178,739228
179,603241
180,-728452
181,-728426
182,-71242
183,-167234
184,-441705
185,684256
186,178992
187,-11655
188,-531388
189,-12506
190,-86873
191,311868
192,-75626
193,534602
194,-276628
195,-345823
196,-416474
197,-400329
198,511495
199,-510358
200,760250
201,559551
202,219495
203,-378987
204,124745
205,-670245
206,-148571
207,-422417
208,514382
209,517505
210,-528708
211,-88152
212,113284
213,351146
214,-673907
215,844779
216,972571
217,-780281
218,-732542
219,-711924
220,-299920
221,-660867
222,514112
223,-393954
224,544082
225,-779928
226,-69246
227,107685
228,-517103
229,-256322
230,949350
231,336427
232,29952
233,810120
234,162018
235,-938513
236,-885732
237,-389573
238,985137
239,467716
240,-814259
241,2113
242,-123922
243,-882795
244,-10635
245,-848153
246,4428
247,-103704
248,185752
249,6373
250,-919609
251,355418
252,-810113
253,828508
254,226767
255,-368281
256,-72191
257,-920546
258,359254
259,24970
260,400333
261,-387254
262,-57925
263,550798
264,-127798
265,-350511
266,472970
267,602403
268,-313768
269,-551421
270,-624096
271,201619
272,210969
273,-168985
274,-300456
275,-639212
276,657656
277,-168589
278,732264
279,995569
280,790168
281,110505
282,-946303
283,583450
284,409922
285,815299
286,-950950
287,996257
288,-469602
289,188828
290,174656
291,514898
292,841360
293,735090
294,-729206
295,925814
296,275616
297,857773
298,213769
299,502741
300,-726522
301,747214
302,-847197
303,-496428
304,-730970
305,618387
306,-291021
307,737655
308,311888
309,-692043
310,-15238
311,-766371
312,-939560
313,-662045
314,496658
315,-796218
316,523652
317,-281502
318,-96157
319,-70114
320,88139
321,-566130
322,-740730
323,253172
324,630147
325,-367074
326,-971926
327,775859
328,-773141
329,-331135
330,-551536
331,-391418
332,-853939
333,717661
334,109558
335,820350
336,-78420
337,-262845
338,-423165
339,879837
340,902140
341,-445593
342,-705852
343,-529318
344,857551
345,763896
346,441873
347,568277
348,-464836
349,553763
350,389772
351,941287
352,-661038
353,-539754
354,124541
355,-370987
356,-435225
357,-821182
358,261705
359,-411039
360,558251
361,-276678
362,-382493
363,-826410
364,720443
365,626925
366,410063
367,-992222
368,542932
369,-694708
370,-605422
371,-465463
372,-696495
373,-535586
374,-731502
375,-276275
376,-225304
377,-494422
378,-660958
379,23235
380,532576
381,-545768
382,-573418
383,544320
384,-124237
385,46854
386,557151
387,-532385
388,-423090
389,-516690
390,977166
391,-424479
392,-74618
393,220995
394,633017
395,630149
396,-220411
397,-309548
398,-297554
399,846438
400,725135
401,916943
402,832935
403,609276
404,357701
405,181001
406,-60643
407,-418609
408,-221565
409,678821
410,-804262
411,-128018
412,661038
413,-400732
414,-262166
415,112232
416,-374584
417,-520360
418,-972208
419,961255
420,829503
421,516227
422,149889
423,523235
424,277413
425,486225
426,-678600
427,-866047
428,-347632
429,-491228
430,-248650
431,418399
432,757511
433,-168835
434,-625714
435,-531825
436,-70462
437,636007
438,-413178
439,785861
440,628447
441,351302
442,-130792
443,468830
444,-38968
445,-618035
446,-439868
447,-316554
448,-779551
449,-567014
450,-743986
451,-559225
452,79734
453,-859165
454,-768743
455,768721
456,-449002
457,366019
458,-333467
459,834335
460,-118134
461,127457
462,-674004
463,376578
464,642223
465,425316
466,454756
467,-602957
468,841109
469,-416829
470,-223215
471,-423332
472,-174875
473,-856954
474,382579
475,466935
476,954173
477,779510
478,-704387
479,-804377
480,633806
481,141851
482,-561300
483,432273
484,-683555
485,-763286
486,-325438
487,-819858
488,-976826
489,-437303
490,5389
491,-949159
492,-280283
493,-768181
494,18718
495,453500
496,325353
497,-364268
498,-762050
499,-174860
500,138724
501,-277325
502,675770
503,305465
504,-848253
505,16823
506,340097
507,-521245
508,-272802
509,-378901
510,-83746
511,-818455
512,739
513,212766
514,418562
515,-671099
516,23140
517,869978
518,-524450
519,733508
520,-719308
521,641435
522,-904882
523,489087
524,-751723
525,-26568
526,-218670
527,-440940
528,-679224
529,794538
530,-923063
531,974559
532,-940961
533,-117584
534,198054
535,824109
536,69527
537,-351213
538,223693
539,-361564
540,-771450
541,-130933
542,-161818
543,713259
544,969766
545,219320
546,380747
547,439464
548,-84546
549,-326413
550,821103
551,315677
552,-405228
553,743012
554,-721899
555,448953
556,-123141
557,-585862
558,111265
559,-482976
560,-446629
561,554971
562,-929331
563,-300098
564,636485
565,519786
566,-243197
567,19429
568,-545585
569,611624
570,-890254
571,429924
572,888954
573,-899295
574,-930734
575,-640713
576,284239
577,-313880
578,169984
579,-330602
580,166790
581,-150192
582,990087
583,149099
584,-716806
585,754419
586,143182
587,-915399
588,657152
589,445171
590,139474
591,-504092
592,819445
593,277113
594,271485
595,410807
596,995956
597,-517514
598,-527956
599,543327
600,911392
601,951833
602,243068
603,-624334
604,-258486
605,-635683
606,-359570
607,371559
608,-105394
609,-562319
610,615932
611,327462
612,-159019
613,511303
614,715872
615,-589256
616,55133
617,909858
618,-858783
619,-410823
620,-931714
621,377273
622,555016
623,856600
624,-426085
625,-92732
626,871409
627,28149
628,-895698
629,917965
630,32484
631,-144591
632,430047
633,203361
634,671898
635,-593716
636,-195729
637,-405319
638,-546778
639,343859
640,120539
641,-777945
642,404092
643,369648
644,-741763
645,105911
646,-709425
647,-322790
648,334540
649,430008
650,-910547
651,982330
652,560669
653,433341
654,-689556
655,-710968
656,-939370
657,-926019
658,945801
659,-192886
660,438048
661,193301
662,17822
663,-117725
664,286858
665,-188724
666,-415727
667,367175
668,-250128
669,287690
670,993520
671,109099
672,54247
673,179183
674,916790
675,934200
676,-782247
677,-871516
678,535764
679,-904049
680,-517053
681,976918
682,-972990
683,681252
684,-55079
685,54597
686,-887186
687,-701637
688,418454
689,-863921
690,-983012
691,-820496
692,971575
693,203561
694,22827
695,231247
696,-379068
697,-901370
698,-3133
699,327024
700,477582
701,-423116
702,-148676
703,821714
704,153751
705,88621
706,-612171
707,602068
708,37628
709,-788823
710,-252072
711,-727995
712,836267
713,668641
714,76033
715,245742
716,692198
717,-12978
718,707618
719,913413
720,-106891
721,-746759
722,-349734
723,-222869
724,182738
725,375617
726,249995
727,-986791
728,378746
729,-540196
730,-543829
731,-686904
732,939550
733,-316375
734,-435168
735,994447
736,-128624
737,546749
738,-74170
739,-844326
740,375851
741,-704180
742,100286
743,-156581
744,816751
745,-135298
746,-328514
747,-976928
748,243455
749,974886
750,-340715
751,287087
752,215445
753,706116
754,614350
755,602174
756,883355
757,381054
758,-983830
759,474496
760,222505
761,285463
762,-841785
763,-405167
764,-842832
765,148944
766,-932157
767,-551859
768,-424593
769,180150
770,328599
771,-245582
772,-861976
773,714185
774,-120955
775,-680422
776,-952902
777,187932
778,-586248
779,397677
780,756248
781,-678284
782,738900
783,406316
784,456577
785,-888515
786,-132676
787,-178374
788,493510
789,-131230
790,954347
791,78915
792,-18567
793,319747
794,-703522
795,563720
796,718683
797,890082
798,608019
799,-907023
800,-766227
801,290890
802,-237895
803,750457
804,-938859
805,-222134
806,228338
807,733841
808,-132516
809,-853513
810,526698
811,-668647
812,223973
813,967740
814,906759
815,-63726
816,969046
817,220781
818,-21291
819,326509
820,742847
821,-558125
822,500300
823,-681777
824,796560
825,45816
826,-732443
827,453013
828,-570732
829,714908
830,-393073
831,-554890
832,724838
833,-453073
834,-716674
835,-663224
836,343099
837,-548584
838,520154
839,-208628
840,154745
841,743747
842,-345444
843,316981
844,-505652
845,-599550
846,-695510
847,-663433
848,-814070
849,258400
850,60043
851,-352479
852,-556774
853,-409057
854,743433
855,-186905
856,-805433
857,-329472
858,814492
859,676166
860,-44052
861,689525
862,-495209
863,-200826
864,-520294
865,-600850
866,80065
867,-927172
868,54705
869,-628768
870,-860587
871,-291358
872,-761664
873,34186
874,95084
875,538542
876,143156
877,-786155
878,327644
879,401710
880,833368
881,150127
882,522070
883,-818671
884,164302
885,246723
886,753974
887,950652
888,676806
889,596039
890,-427365
891,-569431
892,994393
893,882872
894,908416
895,-401797
896,-727403
897,930006
898,-576230
899,766710
900,272765
901,768932
902,-839574
903,-936131
904,-496419
905,306170
906,427259
907,380562
908,948714
909,675957
910,-980625
911,-970496
912,-89660
913,-612775
914,-809194
915,-964129
916,-869683
917,-412366
918,-266252
919,518345
920,889263
921,100293
922,-270512
923,-873717
924,685684
925,329575
926,444351
927,-99759
928,-30992
929,515787
930,-844786
931,-111319
932,286770
933,369751
934,-469961
935,727416
936,883996
937,618005
938,464788
939,-147641
940,813942
941,-352014
942,-314813
943,-221792
944,432590
945,605375
946,490443
947,-911591
948,84973
949,-773167
950,638548
951,320571
952,435236
953,857242
954,138863
955,-601400
956,63784
957,-93501
958,898156
959,277777
960,611622
961,-994373
962,515104
963,-945511
964,52170
965,-962786
966,-366216
967,789652
968,-60648
969,-977277
970,267243
971,-3349
972,882492
973,-50121
974,-806863
975,-983469
976,702481
977,-412899
978,-873155
979,-26313
980,-826287
981,886120
982,596320
983,-546904
984,731654
985,129772
986,737202
987,-593770
988,589067
989,129194
990,628416
991,-878222
992,-281117
993,-807928
994,46059
995,217308
996,-154874
997,-265114
998,190357
999,-291172
1000,-420211
1001,534629
1002,639349
1003,-580214
1004,-837939
1005,-622050
1006,-361466
1007,632349
1008,-978775
1009,-490870
1010,-527071
1011,569964
1012,421687
1013,424095
1014,-457609
1015,72612
1016,-737335
1017,959314
1018,785681
1019,-690622
1020,681927
1021,534601
1022,-530165
1023,-264715
1024,-139988
1025,876476
1026,582156
1027,-596450
1028,-192868
1029,337622
1030,-299122
1031,806679
1032,493006
1033,-185813
1034,476625
1035,434689
1036,-156088
1037,-210209
1038,-487282
1039,947617
1040,-678969
1041,-933755
1042,-513755
1043,855022
1044,-917129
1045,275943
1046,28627
1047,949662
1048,-528498
1049,292537
1050,176555
1051,239937
1052,-267234
1053,-764027
1054,195807
1055,113609
1056,379667
1057,-878453
1058,-883952
1059,-954553
1060,-156901
1061,-238767
1062,724735
1063,420916
1064,-793216
1065,-607414
1066,355500
1067,565802
1068,-745049
1069,-421388
1070,-45543
1071,304024
1072,128501
1073,-951271
1074,27360
1075,981739
1076,989051
1077,-911147
1078,-308294
1079,131877
1080,-318124
1081,-924387
1082,283143
1083,-898743
1084,-752417
1085,354206
1086,481865
1087,-793747
1088,59996
1089,-392114
1090,954870
1091,574086
1092,-177548
1093,583738
1094,625465
1095,-238280
1096,244364
1097,-120298
1098,-955301
1099,485669
1100,515568
1101,446597
1102,-900583
1103,967319
1104,102526
1105,-272831
1106,-582144
1107,372551
1108,788318
1109,-452864
1110,-481270
1111,-484514
1112,-919991
1113,233667
1114,-432229
1115,758878
1116,441244
1117,-57354
1118,946786
1119,693379
1120,-528842
1121,266950
1122,282581
1123,298298
1124,42167
1125,-390942
1126,-504408
1127,51798
1128,109955
1129,223209
1130,-923847
1131,667710
1132,-577370
1133,-739705
1134,376864
1135,-816745
1136,574815
1137,-528973
1138,-159238
1139,84686
1140,604997
1141,315155
1142,-447007
1143,352160
1144,-111732
1145,-463598
1146,252582
1147,255656
1148,937100
1149,-464534
1150,301145
1151,57451
1152,-143474
1153,877918
1154,-560137
1155,118649
1156,951938
1157,130002
1158,183509
1159,117190
1160,734928
1161,-521623
1162,-27024
1163,202696
1164,-498360
1165,-845314
1166,354102
1167,-408026
1168,-670573
1169,118544
1170,497650
1171,891694
1172,-789924
1173,721041
1174,730512
1175,386919
1176,-578659
1177,338457
1178,507420
1179,-669790
1180,-282787
1181,7951
1182,47712
1183,-627056
1184,-260051
1185,-685874
1186,718344
1187,-795342
1188,672425
1189,95874
1190,-444984
1191,-145813
1192,-551137
1193,-289551
1194,-428692
1195,23384
1196,-468758
1197,875600
1198,-871988
1199,135270
1200,223256
1201,798299
1202,327738
1203,-956795
1204,-653574
1205,-759967
1206,982344
1207,-525260
1208,176626
1209,-740374
1210,459203
1211,-59407
1212,797571
1213,103928
1214,-884034
1215,-236014
1216,-666262
1217,793644
1218,796300
1219,-702497
1220,317288
1221,10486
1222,-857669
1223,989867
1224,837442
1225,-257772
1226,-112570
1227,-928176
1228,886507
1229,315819
1230,-992325
1231,664012
1232,880556
1233,763353
1234,-805191
1235,-977845
1236,2208
1237,363863
1238,233700
1239,-386333
1240,145504
1241,-881339
1242,265467
1243,401559
1244,805425
1245,590685
1246,77234
1247,52075
1248,-401495
1249,-162178
1250,-480759
1251,-903420
1252,-613870
1253,168931
1254,915
1255,822203
1256,891628
1257,-929874
1258,814088
1259,-640507
1260,-904235
1261,203935
1262,-108158
1263,-813413
1264,608353
1265,-810954
1266,-660711
1267,-818074
1268,-650999
1269,-208511
1270,405225
1271,852120
1272,-398310
1273,-378938
1274,-608145
1275,-304627
1276,-67394
1277,-498656
1278,982973
1279,-541223
1280,-961509
1281,-696161
1282,-723694
1283,983309
1284,817783
1285,-832048
1286,-937061
1287,-897321
1288,-936556
1289,275692
1290,-811406
1291,-632162
1292,373230
1293,-644540
1294,-409938
1295,140016
1296,668880
1297,428093
1298,461189
1299,-968232
1300,364204
1301,504437
1302,-998738
1303,22807
1304,580736
1305,68610
1306,395940
1307,425592
1308,-56803
1309,-583976
1310,-820249
1311,784049
1312,680372
1313,190021
1314,328236
1315,-312967
1316,443210
1317,-188073
1318,44167
1319,-915324
1320,-762900
1321,-975911
1322,-114346
1323,-407753
1324,520058
1325,-107228
1326,293477
1327,658517
1328,-475948
1329,-713896
1330,-235253
1331,281256
1332,404655
1333,685723
1334,748842
1335,-124091
1336,-575191
1337,12964
1338,670611
1339,443727
1340,-277784
1341,2141
1342,-888578
1343,308464
1344,-635706
1345,470976
1346,528589
1347,1605
1348,313946
1349,-732546
1350,887471
1351,-19514
1352,-181405
1353,176146
1354,-257433
1355,817574
1356,679699
1357,247643
1358,256623
1359,114564
1360,-260289
1361,-600448
1362,-152528
1363,-981785
1364,-9441
1365,-365614
1366,-642305
1367,-712291
1368,808146
1369,-848196
1370,-119769
1371,-570610
1372,504820
1373,368150
1374,995139
1375,377232
1376,-434069
1377,134445
1378,245595
1379,-522093
1380,167424
1381,383191
1382,-736356
1383,-370869
1384,757607
1385,753257
1386,-584504
1387,419821
1388,-317605
1389,465914
1390,711939
1391,874198
1392,315251
1393,673681
1394,-501395
1395,-359797
1396,219203
1397,73088
1398,691743
1399,-236021
1400,-572519
1401,-917022
1402,-113396
1403,375154
1404,405926
1405,10737
1406,389838
1407,-715747
1408,910051
1409,715097
1410,-468169
1411,-609368
1412,-711847
1413,762364
1414,659991
1415,-717028
1416,65134
1417,-889768
1418,376928
1419,168425
1420,-423701
1421,-783952
1422,-229581
1423,956888
1424,467415
1425,481121
1426,-982760
1427,-797498
1428,357040
1429,897349
1430,680362
1431,705002
1432,362245
1433,590169
1434,860408
1435,-373708
1436,409288
1437,-938658
1438,250896
1439,71772
1440,-808770
1441,197746
1442,-453467
1443,-270091
1444,106596
1445,242107
1446,-998963
1447,946947
1448,512639
1449,475735
1450,50115
1451,-627599
1452,730081
1453,539123
1454,373229
1455,-254012
1456,218904
1457,-281178
1458,-869687
1459,656345
1460,-162145
1461,984690
1462,-274712
1463,712960
1464,-235546
1465,-432046
1466,-214132
1467,217758
1468,930475
1469,-510730
1470,-649490
1471,-485142
1472,946775
1473,11499
1474,-183651
1475,227654
1476,671392
1477,-831613
1478,-545470
1479,231641
1480,-898020
1481,495224
1482,224782
1483,888133
1484,801307
1485,353181
1486,458856
1487,-729860
1488,31414
1489,-505822
1490,155959
1491,647840
1492,839578
1493,-853832
1494,818401
1495,436571
1496,-273276
1497,156716
1498,709026
1499,-752867
1500,-666985
1501,533632
1502,-809394
1503,-91725
1504,-430317
1505,-663616
1506,657170
1507,419194
1508,377174
1509,-950900
1510,680129
1511,692034
1512,-480487
1513,-827320
1514,757602
1515,-7343
1516,699111
1517,280864
1518,-372303
1519,8080
1520,726522
1521,-532431
1522,280211
1523,807132
1524,-581406
1525,-953988
1526,-448516
1527,897259
1528,182977
1529,433398
1530,629078
1531,188081
1532,565157
1533,-740065
1534,-463196
1535,-62780
1536,-791151
1537,-831806
1538,814565
1539,63755
1540,839847
1541,477477
1542,219883
1543,-561161
1544,-64789
1545,711043
1546,873164
1547,928006
1548,-641688
1549,160399
1550,625520
1551,135513
1552,-644609
1553,170441
1554,534117
1555,-647040
1556,573495
1557,148663
1558,384190
1559,-86587
1560,921929
1561,-101957
1562,425915
1563,-998021
1564,-443149
1565,-656022
1566,-940590
1567,666323
1568,-834797
1569,-194136
1570,-943027
1571,-213748
1572,-55881
1573,983988
1574,-358837
1575,-320509
1576,-687589
1577,-423544
1578,688617
1579,411296
1580,-521844
1581,-663367
1582,-413641
1583,-23501
1584,782418
1585,483237
1586,-859636
1587,-311266
1588,-697214
1589,970789
1590,432250
1591,494645
1592,-491648
1593,755068
1594,-320916
1595,485535
1596,931940
1597,311051
1598,-955888
1599,-768551
1600,-860591
1601,365750
1602,291009
1603,243199
1604,-997795
1605,-944726
1606,360807
1607,895067
1608,-983673
1609,-978918
1610,-333210
1611,163724
1612,-287114
1613,416164
1614,-607259
1615,-689168
1616,-403217
1617,-846077
1618,119396
1619,251025
1620,-79901
1621,-981254
1622,547335
1623,-426860
1624,-990954
1625,912034
1626,-904946
1627,-423267
1628,734807
1629,845977
1630,-112731
1631,-247578
1632,238836
1633,48985
1634,143835
1635,-245307
1636,757932
1637,-548225
1638,743285
1639,-125007
1640,120115
1641,-551360
1642,585025
1643,-541148
1644,103944
1645,-544630
1646,-608839
1647,-947243
1648,-919680
1649,-689533
1650,183628
1651,501504
1652,-503919
1653,-925995
1654,-918484
1655,992082
1656,-710737
1657,638658
1658,474210
1659,513496
1660,-872645
1661,-867948
1662,-402742
1663,956406
1664,810003
1665,-489874
1666,-973075
1667,413342
1668,583486
1669,-791780
1670,698254
1671,328856
1672,673866
1673,-73271
1674,-702666
1675,763448
1676,-129094
1677,549216
1678,-22422
1679,314230
1680,624706
1681,65307
1682,126031
1683,130049
1684,782860
1685,-110551
1686,195366
1687,186369
1688,-89057
1689,495222
1690,351860
1691,-517959
1692,694816
1693,253584
1694,830870
1695,-793960
1696,29273
1697,-379981
1698,-748245
1699,945869
1700,352636
1701,229911
1702,17922
1703,-312002
1704,903065
1705,-403038
1706,326454
1707,-675873
1708,-704669
1709,-682600
1710,-943431
1711,80816
1712,901613
1713,-453844
1714,506042
1715,668622
1716,549119
1717,170077
1718,380700
1719,-847433
1720,195293
1721,-265533
1722,93416
1723,520682
1724,730494
1725,925549
1726,109158
1727,858952
1728,-877761
1729,236786
1730,482730
1731,889258
1732,-588527
1733,-731139
1734,-37207
1735,-130588
1736,868558
1737,673847
1738,-546173
1739,512196
1740,431162
1741,857134
1742,550675
1743,-245253
1744,-466729
1745,360730
1746,820813
1747,-141197
1748,-292864
1749,-456668
1750,515758
1751,-42806
1752,950041
1753,512681
1754,741188
1755,-515063
1756,518792
1757,-490860
1758,-260430
1759,457565
1760,674527
1761,-623704
1762,469273
1763,-446377
1764,-240366
1765,-601426
1766,532453
1767,447004
1768,-854471
1769,-301124
1770,325032
1771,-112966
1772,-853732
1773,-532107
1774,-284089
1775,-132750
1776,-871083
1777,80469
1778,-167229
1779,-160399
1780,803900
1781,402847
1782,-76243
1783,-63182
1784,-658916
1785,816985
1786,843830
1787,296261
1788,932525
1789,975863
1790,284249
1791,-980920
1792,-662366
1793,103288
1794,760567
1795,-513196
1796,405241
1797,-413779
1798,-710100
1799,-787067
1800,-666438
1801,-725117
1802,-1092
1803,435874
1804,-980729
1805,-533999
1806,-269339
1807,-306738
1808,-652564
1809,-209372
1810,915499
1811,893988
1812,537302
1813,789385
1814,983842
1815,14250
1816,-376399
1817,702748
1818,-337858
1819,-698065
1820,-268696
1821,-962476
1822,888658
1823,261069
1824,-171188
1825,833650
1826,-270398
1827,-556206
1828,-458048
1829,646745
1830,-838198
1831,-804016
1832,442792
1833,19548
1834,863474
1835,-9483
1836,-181977
1837,841906
1838,-910574
1839,-226411
1840,-546328
1841,-176421
1842,666094
1843,-432628
1844,955203
1845,145964
1846,-501580
1847,-520452
1848,-990863
1849,732034
1850,750712
1851,-919330
1852,916597
1853,-98235
1854,957254
1855,58177
1856,279324
1857,126223
1858,-583728
1859,832655
1860,-227447
1861,-476007
1862,-409727
1863,968552
1864,-380654
1865,286685
1866,-326029
1867,258819
1868,-282627
1869,-999483
1870,-865262
1871,676631
1872,383147
1873,257525
1874,717889
1875,546288
1876,-618504
1877,877246
1878,-988036
1879,89523
1880,227333
1881,211010
1882,-992520
1883,342434
1884,258952
1885,517143
1886,-548342
1887,-139645
1888,-863852
1889,-337008
1890,-594193
1891,532245
1892,576316
1893,-968419
1894,92804
1895,-242853
1896,327766
1897,399740
1898,-123745
1899,177158
1900,137492
1901,-934012
1902,395491
1903,-1511
1904,-789312
1905,959486
1906,-407742
1907,950750
1908,-585238
1909,426631
1910,442912
1911,748710
1912,959095
1913,328595
1914,-947135
1915,-554014
1916,-129260
1917,898879
1918,851218
1919,139519
1920,301780
1921,668044
1922,670484
1923,-873716
1924,-52715
1925,304801
1926,732175
1927,692572
1928,974503
1929,-359216
1930,-616859
1931,-359591
1932,-304081
1933,-608038
1934,-858415
1935,161495
1936,191440
1937,-27934
1938,-882915
1939,-764638
1940,-318965
1941,216004
1942,-929482
1943,-744355
1944,985061
1945,891931
1946,207054
1947,462141
1948,681993
1949,-716743
1950,-893648
1951,413287
1952,206966
1953,94237
1954,457361
1955,123628
1956,561537
1957,-898585
1958,-388210
1959,-814241
1960,-171678
1961,614746
1962,854235
1963,944611
1964,-71416
1965,-178294
1966,294491
1967,883300
1968,-369131
1969,403819
1970,105285
1971,330301
1972,611339
1973,-413352
1974,891060
1975,652915
1976,755327
1977,-362182
1978,-688958
1979,759224
1980,-946579
1981,-912505
1982,298207
1983,-239182
1984,-945344
1985,-755550
1986,-632553
1987,536391
1988,-990382
1989,-674850
1990,-711435
1991,-779934
1992,-565110
1993,-728851
1994,233083
1995,309759
1996,247229
1997,779965
1998,461179
1999,-149762
2000,374321
2001,-226870
2002,-956471
2003,-417546
2004,950948
2005,915901
2006,-530733
2007,-628345
2008,265052
2009,-126780
2010,475346
2011,742862
2012,-332223
2013,828873
2014,28651
2015,478653
2016,-807677
2017,-146676
2018,946594
2019,117454
2020,894029
2021,821181
2022,468554
2023,-424442
2024,-546013
2025,-667340
2026,-721222
2027,603894
2028,-628443
2029,-503789
2030,234031
2031,-458851
2032,-773921
2033,-399333
2034,111737
2035,-550150
2036,316555
2037,951334
2038,259934
2039,-413314
2040,340845
2041,-123812
2042,372494
2043,-522489
2044,-648530
2045,790302
2046,21406
2047,-972264
2048,-10298
2049,441637
2050,-675037
2051,-288341
2052,977152
2053,658889
2054,-548541
2055,-157376
2056,-522991
2057,-561695
2058,-554544
2059,-889027
2060,-783398
2061,-783518
2062,82492
2063,775968
2064,590126
2065,149986
2066,-801669
2067,-987743
2068,573855
2069,460308
2070,863846
2071,41037
2072,-964167
2073,560085
2074,440867
2075,-424066
2076,-334023
2077,58832
2078,-772569
2079,416619
2080,43604
2081,-303435
2082,984777
2083,-125694
2084,500874
2085,-909837
2086,166464
2087,220071
2088,-776291
2089,-240223
2090,-506748
2091,674281
2092,401051
2093,284771
2094,396865
2095,808559
2096,-49846
2097,-132999
2098,461122
2099,-82608
2100,-44329
2101,313897
2102,685165
2103,-75450
2104,-509936
2105,736081
2106,-481782
2107,-124885
2108,-173248
2109,762076
2110,-973096
2111,742727
2112,569947
2113,-151397
2114,437401
2115,-916575
2116,-768479
2117,985738
2118,174058
2119,-553787
2120,504507
2121,972958
2122,171862
2123,-560722
2124,-410927
2125,820180
2126,-381739
2127,-327617
2128,-137768
2129,-913413
2130,625597
2131,-6271
2132,173524
2133,-174391
2134,368099
2135,-853161
2136,262510
2137,-64278
2138,542654
2139,614268
2140,491117
2141,-491891
2142,809007
2143,-372566
2144,-755482
2145,351797
2146,-846184
2147,270513
2148,-73064
2149,357789
2150,-728872
2151,369362
2152,-927919
2153,-678197
2154,377770
2155,-820210
2156,227160
2157,224638
2158,-857887
2159,645757
2160,211324
2161,-192229
2162,-347390
2163,792454
2164,-73736
2165,607994
2166,503818
2167,413428
2168,-99913
2169,125854
2170,102966
2171,-70577
2172,-920652
2173,-255534
2174,-229180
2175,-336403
2176,902645
2177,474820
2178,28006
2179,-840839
2180,-464397
2181,264865
2182,-709728
2183,947467
2184,814546
2185,-59825
2186,475263
2187,317755
2188,946606
2189,-629378
2190,872033
2191,-681783
2192,-665129
2193,-586825
2194,69432
2195,775226
2196,365122
2197,-282358
2198,-355104
2199,-780920
2200,-45147
2201,-865526
2202,492066
2203,-169876
2204,-676229
2205,-539056
2206,-424302
2207,-132499
2208,-43890
2209,-788430
2210,235827
2211,-583442
2212,-175127
2213,87178
2214,181081
2215,-639946
2216,-312719
2217,-598212
2218,-492408
2219,-392923
2220,-317441
2221,-795264
2222,967214
2223,-653978
2224,-462968
2225,157446
2226,995803
2227,879450
2228,-75869
2229,-52865
2230,118892
2231,-664341
2232,967869
2233,-735707
2234,322309
2235,675037
2236,963758
2237,-555353
2238,-801323
2239,-533137
2240,223504
2241,-883114
2242,-826249
2243,390665
2244,517827
2245,-131789
2246,-769374
2247,-138694
2248,-379298
2249,371873
2250,-505657
2251,-588738
2252,-710221
2253,950319
2254,820635
2255,432252
2256,897672
2257,-549274
2258,729496
2259,-627415
2260,806356
2261,-279533
2262,682123
2263,-126840
2264,-909962
2265,-869347
2266,-614158
2267,69650
2268,555218
2269,-125961
2270,229629
2271,-168477
2272,696086
2273,-291712
2274,-475970
2275,-17630
2276,-949130
2277,425032
2278,867690
2279,237709
2280,-323457
2281,577143
2282,575885
2283,251015
2284,279281
2285,-770163
2286,-533676
2287,425948
2288,-83506
2289,-31076
2290,-637156
2291,540695
2292,526855
2293,497351
2294,-962445
2295,816732
2296,865730
2297,144352
2298,-864173
2299,-742006
2300,365450
2301,341281
2302,-940050
2303,-296618
2304,-193509
2305,-547764
2306,950315
2307,-608737
2308,413194
2309,-118425
2310,-688378
2311,-317430
2312,-341329
2313,-177106
2314,-252965
2315,865982
2316,-850734
2317,128930
2318,690096
2319,116364
2320,-378026
2321,-112317
2322,263104
2323,-321108
2324,-24572
2325,628258
2326,-600971
2327,-983905
2328,652956
2329,773661
2330,567905
2331,381444
2332,849927
2333,-705292
2334,-748330
2335,868746
2336,399537
2337,-671532
2338,-680222
2339,-372082
2340,983278
2341,295872
2342,-734975
2343,37459
2344,-526288
2345,-904394
2346,-626829
2347,-974670
2348,-799977
2349,425262
2350,968331
2351,784448
2352,180377
2353,-52838
2354,10360
2355,621975
2356,-514262
2357,589241
2358,-24378
2359,-301353
2360,-104329
2361,43535
2362,20888
2363,119705
2364,694732
2365,734151
2366,402475
2367,241195
2368,-768352
2369,-743385
2370,-50663
2371,-757095
2372,-289934
2373,114221
2374,-474685
2375,-1573
2376,-901340
2377,-534658
2378,138299
2379,97203
2380,83308
2381,140707
2382,-962854
2383,-18970
2384,283358
2385,527304
2386,473799
2387,-120830
2388,944330
2389,153949
2390,-554707
2391,430363
2392,-835844
2393,570856
2394,785698
2395,470020
2396,87940
2397,637061
2398,-607853
2399,767754
2400,674590
2401,-282081
2402,956057
2403,-969091
2404,691607
2405,730595
2406,-554169
2407,668043
2408,-262493
2409,500902
2410,-721858
2411,959698
2412,-521305
2413,699499
2414,968871
2415,-332111
2416,215482
2417,-977597
2418,381005
2419,-628729
2420,-501599
2421,-477549
2422,-283113
2423,-820934
2424,-117846
2425,483929
2426,492373
2427,636274
2428,631282
2429,347241
2430,144723
2431,-476787
2432,-598540
2433,242397
2434,-640105
2435,-730404
2436,585983
2437,324300
2438,70246
2439,-641458
2440,-829687
2441,-804543
2442,293850
2443,668037
2444,-848032
2445,-999184
2446,-124389
2447,-955598
2448,569078
2449,-88036
2450,-970510
2451,908515
2452,202305
2453,780534
2454,-317698
2455,632897
2456,-834151
2457,-136388
2458,-114218
2459,-167550
2460,-264511
2461,940196
2462,739756
2463,-696089
2464,-324573
2465,286359
2466,-7601
2467,-682225
2468,228722
2469,-285719
2470,-802598
2471,-769411
2472,534611
2473,-266879
2474,-327411
2475,-392197
2476,-990131
2477,376847
2478,999382
2479,336907
2480,-131076
2481,-641798
2482,-489694
2483,-909279
2484,872592
2485,-812294
2486,-89344
2487,409683
2488,490125
2489,931150
2490,424127
2491,-343810
2492,-49732
2493,-228622
2494,-265881
2495,148050
2496,743097
2497,489831
2498,-404771
2499,-102372
2500,928750
2501,669186
2502,232886
2503,752913
2504,264182
2505,69828
2506,584205
2507,-578179
2508,-334933
2509,-82028
2510,-12672
2511,927441
2512,294806
2513,-497095
2514,-871775
2515,320657
2516,-509750
2517,-252098
2518,-9961
2519,873270
2520,-84420
2521,597291
2522,500779
2523,-539284
2524,-520149
2525,931346
2526,-805338
2527,952221
2528,-62091
2529,-714855
2530,175808
2531,814334
2532,-89028
2533,18863
2534,-522155
2535,239162
2536,-716317
2537,-425573
2538,-233210
2539,-907258
2540,-344755
2541,506909
2542,248310
2543,-67837
2544,-968110
2545,437743
2546,-171831
2547,987593
2548,-641569
2549,186885
2550,-356730
2551,401152
2552,321625
2553,-949953
2554,665936
2555,-938666
2556,-264041
2557,25883
2558,257727
2559,-18795
2560,-213646
2561,-660607
2562,234811
2563,-141373
2564,-347888
2565,-446509
2566,767088
2567,165878
2568,982496
2569,-378052
2570,929098
2571,756647
2572,-432876
2573,417367
2574,-332611
2575,-165929
2576,18871
2577,-698679
2578,-371359
2579,-386758
2580,-526603
2581,-339846
2582,741854
2583,887575
2584,343189
2585,-549002
2586,39295
2587,109628
2588,-283061
2589,-441904
2590,-737680
2591,-62173
2592,560067
2593,-594646
2594,-923327
2595,882204
2596,-458472
2597,-644440
2598,503929
2599,373722
2600,-392753
2601,-605970
2602,-96219
2603,188182
2604,-194221
2605,-626410
2606,-596470
2607,-926693
2608,-122072
2609,-910850
2610,-59431
2611,191834
2612,-784703
2613,696740
2614,-671774
2615,-290970
2616,-603239
2617,-635142
2618,-780764
2619,861187
2620,-798254
2621,-6319
2622,374775
2623,719728
2624,-762921
2625,-814338
2626,-402678
2627,-577229
2628,928325
2629,-156284
2630,832077
2631,-438860
2632,568731
2633,-781082
2634,465602
2635,405504
2636,-43094
2637,36220
2638,-274208
2639,-666049
2640,43834
2641,629432
2642,-48796
2643,684569
2644,-238335
2645,442209
2646,-967907
2647,338978
2648,283400
2649,-806661
2650,337256
2651,785359
2652,286046
2653,-513431
2654,-554680
2655,-477926
2656,648093
2657,-116753
2658,-109210
2659,-426417
2660,-866086
2661,914827
2662,-79352
2663,-21758
2664,-812057
2665,-699693
2666,467564
2667,-503833
2668,-131690
2669,30867
2670,-955503
2671,-629168
2672,-508397
2673,401020
2674,-324105
2675,-259483
2676,-677776
2677,-765139
2678,-824648
2679,-193523
2680,-900157
2681,529682
2682,532305
2683,306473
2684,141515
2685,156500
2686,594349
2687,-511358
2688,187237
2689,-106299
2690,-272007
2691,-988130
2692,461697
2693,849774
2694,292143
2695,-738598
2696,-209135
2697,648008
2698,-789827
2699,-349382
2700,-935219
2701,-525732
2702,794582
2703,289616
2704,-926809
2705,-948905
2706,-548941
2707,-893208
2708,-363294
2709,367920
2710,477024
2711,655108
2712,-589270
2713,-528395
2714,-490245
2715,-612452
2716,-384375
2717,421935
2718,-756515
2719,201197
2720,-245565
2721,334325
2722,-392716
2723,-79586
2724,917034
2725,-331146
2726,218522
2727,483280
2728,521883
2729,-64974
2730,209416
2731,758754
2732,48710
2733,-116950
2734,227123
2735,-217046
2736,384328
2737,81121
2738,-834751
2739,814289
2740,705817
2741,282693
2742,251937
2743,-207869
2744,584528
2745,802751
2746,-969067
2747,903238
2748,-969431
2749,157145
2750,976904
2751,-246452
2752,-539001
2753,-136439
2754,620791
2755,652188
2756,-721731
2757,-997791
2758,130801
2759,769681
2760,132433
2761,-947271
2762,-161900
2763,27691
2764,-42014
2765,726990
2766,-357870
2767,-308656
2768,-179197
2769,-809253
2770,251011
2771,-283617
2772,276023
2773,-857214
2774,-366150
2775,-927187
2776,89791
2777,-166299
2778,893517
2779,-532211
2780,340009
2781,502374
2782,400842
2783,-923135
2784,402567
2785,476967
2786,448363
2787,5363
2788,673779
2789,-17472
2790,-950538
2791,-556128
2792,-999881
2793,-647948
2794,773064
2795,-756121
2796,-5939
2797,614965
2798,-476995
2799,90849
2800,531058
2801,-777125
2802,-370811
2803,467717
2804,959996
2805,-570913
2806,-831184
2807,459339
2808,795480
2809,-136545
2810,378423
2811,362190
2812,215839
2813,575325
2814,-444550
2815,-778628
2816,-392208
2817,574501
2818,221618
2819,-289640
2820,-178825
2821,317594
2822,-150514
2823,795201
2824,754327
2825,-498181
2826,563357
2827,-216831
2828,-127609
2829,963475
2830,717597
2831,-843654
2832,640096
2833,95704
2834,-777910
2835,782228
2836,552177
2837,-955565
2838,621001
2839,-412902
2840,-178096
2841,775433
2842,60647
2843,595876
2844,-569492
2845,502431
2846,646915
2847,-991228
2848,920132
2849,257652
2850,767313
2851,-61600
2852,-380846
2853,483253
2854,-861087
2855,385447
2856,37007
2857,613379
2858,630712
2859,818057
2860,983459
2861,-389795
2862,-178528
2863,678635
2864,812712
2865,474147
2866,269132
2867,285852
2868,266116
2869,-943873
2870,497975
2871,-825570
2872,-270704
2873,-885783
2874,-84568
2875,949494
2876,226977
2877,698256
2878,381123
2879,812933
2880,-568974
2881,-797215
2882,-462089
2883,760342
2884,402196
2885,-4302
2886,563416
2887,186588
2888,800449
2889,243871
2890,-423099
2891,100095
2892,758457
2893,225328
2894,-412928
2895,601361
2896,644632
2897,-738104
2898,-475162
2899,-162649
2900,-441242
2901,769472
2902,7670
2903,868987
2904,979246
2905,80813
2906,914201
2907,684679
2908,-577343
2909,976454
2910,-532466
2911,-445785
2912,912325
2913,-698525
2914,-50631
2915,-10116
2916,-608156
2917,-465163
2918,-33063
2919,-168967
2920,-390431
2921,39938
2922,-588597
2923,44157
2924,-579164
2925,-556124
2926,-268545
2927,958336
2928,-461845
2929,-109499
2930,-335263
2931,660270
2932,287068
2933,-595344
2934,-112243
2935,-155538
2936,266161
2937,-103022
2938,-614532
2939,-311321
2940,206486
2941,311240
2942,689691
2943,499743
2944,-914670
2945,-851784
2946,-719623
2947,288774
2948,196955
2949,93772
2950,490728
2951,-120395
2952,657361
2953,78188
2954,-415173
2955,74672
2956,-805821
2957,-652746
2958,364020
2959,-194888
2960,918730
2961,-205877
2962,107960
2963,-578738
2964,-339859
2965,110276
2966,157925
2967,-512158
2968,56062
2969,47271
2970,-916479
2971,-328644
2972,207664
2973,-587420
2974,-529825
2975,880259
2976,-121785
2977,-134563
2978,-163587
2979,194840
2980,923598
2981,931327
2982,-605910
2983,-167290
2984,20303
2985,-530965
2986,168252
2987,-802137
2988,-657375
2989,146409
2990,476835
2991,970532
2992,-510985
2993,123147
2994,-974502
2995,665515
2996,791066
2997,-159484
2998,-31124
2999,-965927
3000,-407180
3001,20637
3002,-402727
3003,-534976
3004,717963
3005,-349279
3006,187385
3007,-245809
3008,99343
3009,996363
3010,-115894
3011,608572
3012,-563614
3013,527843
3014,176427
3015,-103339
3016,-111785
3017,854488
3018,-734309
3019,900660
3020,-493023
3021,-78540
3022,-84058
3023,-402792
3024,-1067
3025,941317
3026,-971151
3027,126678
3028,-716409
3029,-90355
3030,-969541
3031,650091
3032,-420446
3033,823291
3034,446127
3035,812097
3036,170547
3037,-672748
3038,-786486
3039,-82519
3040,-69230
3041,124557
3042,-846786
3043,702518
3044,94859
3045,-241881
3046,-233918
3047,741866
3048,-632015
3049,576302
3050,-9389
3051,554443
3052,921096
3053,-813850
3054,-864333
3055,-789856
3056,-316949
3057,728618
3058,-476070
3059,-78526
3060,971005
3061,-479770
3062,164501
3063,926690
3064,-63588
3065,336965
3066,196778
3067,816603
3068,238379
3069,-575404
3070,-408679
3071,-858525
3072,-593180
3073,908641
3074,946762
3075,-405541
3076,567107
3077,279455
3078,-668986
3079,-615074
3080,956028
3081,170715
3082,175054
3083,-278122
3084,56596
3085,-825145
3086,909744
3087,-703742
3088,-243329
3089,277192
3090,-860163
3091,782799
3092,-655584
3093,-88048
3094,391838
3095,990586
3096,-407597
3097,-375682
3098,632810
3099,760633
3100,290213
3101,250288
3102,999355
3103,382458
3104,-14101
3105,302796
3106,-369872
3107,-559828
3108,767105
3109,-271513
3110,606108
3111,768674
3112,150841
3113,680898
3114,735212
3115,-200729
3116,-989273
3117,-279870
3118,-441506
3119,-912378
3120,-981676
3121,-548876
3122,831109
3123,409213
3124,756639
3125,-378541
3126,296887
3127,-64535
3128,-356888
3129,-599956
3130,-81095
3131,-764119
3132,-901639
3133,680994
3134,-269346
3135,66465
3136,291751
3137,265167
3138,-109058
3139,623618
3140,886145
3141,419064
3142,-933092
3143,-42248
3144,-807479
3145,-116252
3146,-632061
3147,105046
3148,347024
3149,-432186
3150,517871
3151,-200738
3152,-177232
3153,-32502
3154,499764
3155,-309239
3156,375538
3157,624187
3158,725312
3159,-705967
3160,-859667
3161,826987
3162,-617139
3163,-656612
3164,50849
3165,704452
3166,-597091
3167,111925
3168,-882763
3169,37287
3170,-275424
3171,860243
3172,60143
3173,-391684
3174,281686
3175,730839
3176,35276
3177,-189122
3178,483052
3179,900391
3180,330419
3181,-59731
3182,-946569
3183,553114
3184,87566
3185,438592
3186,-717350
3187,933541
3188,884749
3189,965882
3190,-748971
3191,-380919
3192,227453
3193,-66614
3194,933451
3195,-113514
3196,377124
3197,-780234
3198,437409
3199,-675693
3200,-495824
3201,522199
3202,169401
3203,-892290
3204,-814622
3205,-563550
3206,-467043
3207,-115357
3208,-635110
3209,-885794
3210,-809473
3211,-687797
3212,-799496
3213,-511614
3214,834311
3215,-426043
3216,991912
3217,-592385
3218,-841818
3219,61013
3220,319090
3221,-528959
3222,592312
3223,-116567
3224,984458
3225,908205
3226,-353761
3227,-186556
3228,258034
3229,-857067
3230,267078
3231,813945
3232,669470
3233,-70575
3234,-868679
3235,-342566
3236,799359
3237,746387
3238,-937338
3239,662446
3240,-280569
3241,835493
3242,-544080
3243,202858
3244,-443662
3245,398948
3246,855684
3247,29854
3248,177812
3249,828486
3250,461373
3251,-241694
3252,636527
3253,999094
3254,520908
3255,-823896
3256,145296
3257,-498957
3258,133461
3259,518879
3260,-256506
3261,-461549
3262,-69024
3263,70105
3264,957322
3265,-743733
3266,619522
3267,360736
3268,68119
3269,716840
3270,368859
3271,-270968
3272,-181422
3273,-679997
3274,-250932
3275,-741935
3276,-619364
3277,-654201
3278,-378195
3279,568128
3280,-479743
3281,256899
3282,-752796
3283,197130
3284,278877
3285,39819
3286,635071
3287,619873
3288,306325
3289,-864510
3290,-981417
3291,27851
3292,-29768
3293,801475
3294,-397798
3295,-66770
3296,-96383
3297,-797041
3298,184586
3299,-413826
3300,-627721
3301,827891
3302,-511154
3303,669588
3304,-794244
3305,-250
3306,638049
3307,230345
3308,771058
3309,-139775
3310,268440
3311,662491
3312,-134898
3313,79275
3314,-612562
3315,549233
3316,823553
3317,-245513
3318,-114603
3319,-616452
3320,-294217
3321,718844
3322,-604840
3323,476185
3324,-718666
3325,-578260
3326,768224
3327,-933024
3328,-375987
3329,39264
3330,406160
3331,854445
3332,780954
3333,612955
3334,207272
3335,-820204
3336,481495
3337,454377
3338,-238407
3339,-173356
3340,-553733
3341,-629755
3342,-92277
3343,-913149
3344,821181
3345,889486
3346,175466
3347,-651644
3348,-330540
3349,391580
3350,365502
3351,-137446
3352,-57016
3353,-38257
3354,-45474
3355,307296
3356,-892596
3357,-451012
3358,397900
3359,43724
3360,-389916
3361,998061
3362,606061
3363,-962524
3364,548325
3365,-118082
3366,852020
3367,797272
3368,-735326
3369,109610
3370,-908984
3371,993918
3372,610650
3373,466931
3374,211819
3375,200532
3376,420049
3377,-770622
3378,232460
3379,681972
3380,356227
3381,-846263
3382,-840135
3383,-117741
3384,-994522
3385,-557805
3386,-489359
3387,774619
3388,-214084
3389,19023
3390,434307
3391,242663
3392,-157719
3393,-672909
3394,931763
3395,-166754
3396,477550
3397,697452
3398,658818
3399,913052
3400,-707020
3401,-578252
3402,-498906
3403,535951
3404,-486026
3405,-992001
3406,635109
3407,-853220
3408,432213
3409,-421240
3410,-635871
3411,-425337
3412,448745
3413,-859377
3414,-271928
3415,855271
3416,-504640
3417,-9353
3418,-16098
3419,-313310
3420,943824
3421,760328
3422,748346
3423,916972
3424,208674
3425,726378
3426,357524
3427,81050
3428,-672825
3429,-85179
3430,-329377
3431,13271
3432,-395747
3433,-417301
3434,434884
3435,-773476
3436,-431199
3437,-788498
3438,588670
3439,589543
3440,-61023
3441,472829
3442,-890354
3443,-508251
3444,-224676
3445,829284
3446,-956952
3447,-472430
3448,-392203
3449,681392
3450,-298045
3451,494093
3452,127964
3453,585960
3454,793318
3455,373840
3456,-151172
3457,-659323
3458,-512586
3459,-673038
3460,369450
3461,-751892
3462,887323
3463,153477
3464,-1407
3465,154911
3466,-905807
3467,201942
3468,-34920
3469,820975
3470,792696
3471,-842286
3472,825082
3473,-203518
3474,546884
3475,907901
3476,17023
3477,-841695
3478,-672421
3479,-312503
3480,566261
3481,-386879
3482,229122
3483,516395
3484,568687
3485,67548
3486,-956640
3487,-93146
3488,570625
3489,-890259
3490,771119
3491,-238072
3492,928051
3493,-522
3494,787909
3495,-351189
3496,246952
3497,-775158
3498,-38184
3499,-991392
3500,320
3501,166289
3502,548222
3503,389553
3504,-195530
3505,514508
3506,30441
3507,-571377
3508,816472
3509,-951085
3510,-713785
3511,-412586
3512,265737
3513,159024
3514,-327949
3515,-452689
3516,533215
3517,962112
3518,701330
3519,995198
3520,576315
3521,108577
3522,-364340
3523,-694119
3524,934817
3525,814257
3526,143588
3527,-910762
3528,-647829
3529,85327
3530,325551
3531,41889
3532,296861
3533,498782
3534,-140685
3535,-786912
3536,52320
3537,-935794
3538,247810
3539,-101409
3540,-79270
3541,98379
3542,-462983
3543,988533
3544,-595592
3545,221153
3546,-110103
3547,-649866
3548,16718
3549,133769
3550,68229
3551,133747
3552,416418
3553,-391481
3554,568820
3555,-960094
3556,-278715
3557,232535
3558,-987976
3559,665812
3560,-197699
3561,415678
3562,-542693
3563,832283
3564,654176
3565,233675
3566,712065
3567,454603
3568,-516283
3569,-427676
3570,-647770
3571,-827132
3572,893127
3573,262379
3574,949984
3575,-426755
3576,808872
3577,-565632
3578,-72765
3579,86115
3580,173499
3581,358453
3582,-280020
3583,98214
3584,546535
3585,-416950
3586,-379376
3587,297467
3588,519737
3589,-507793
3590,860157
3591,-855689
3592,893729
3593,878654
3594,984536
3595,-252083
3596,257365
3597,-388597
3598,330806
3599,93877
3600,307261
3601,269657
3602,231596
3603,818571
3604,465731
3605,-654392
3606,630709
3607,-28789
3608,-347615
3609,684599
3610,712552
3611,-469303
3612,-797703
3613,426401
3614,-516367
3615,-547004
3616,109599
3617,-418721
3618,-400195
3619,-93211
3620,-387656
3621,402988
3622,129507
3623,425073
3624,-662679
3625,496719
3626,566385
3627,288472
3628,960906
3629,-392272
3630,82174
3631,-609262
3632,693091
3633,-42483
3634,820971
3635,624554
3636,-552567
3637,-966134
3638,-957295
3639,-527416
3640,639811
3641,790369
3642,-767046
3643,-998561
3644,-176485
3645,21884
3646,-592897
3647,-136116
3648,-957406
3649,-693391
3650,-779113
3651,-18312
3652,-510362
3653,423661
3654,939384
3655,195369
3656,-775797
3657,6558
3658,-82189
3659,519503
3660,-987888
3661,-847902
3662,-714697
3663,-665563
3664,966268
3665,-753019
3666,499821
3667,-243791
3668,43864
3669,116536
3670,-230183
3671,729375
3672,-73738
3673,412116
3674,909424
3675,118663
3676,-145599
3677,-120400
3678,274363
3679,266185
3680,-831307
3681,975451
3682,-16031
3683,2850
3684,-932282
3685,824351
3686,-963289
3687,820252
3688,851088
3689,844413
3690,248212
3691,982902
3692,677025
3693,-947942
3694,682059
3695,-37670
3696,-406973
3697,87080
3698,707265
3699,-21175
3700,-584183
3701,589497
3702,640306
3703,208680
3704,268836
3705,-687026
3706,-647631
3707,-103929
3708,420887
3709,230132
3710,-104924
3711,248552
3712,-835274
3713,-7694
3714,621634
3715,472399
3716,466167
3717,-681235
3718,305627
3719,-383415
3720,146336
3721,719182
3722,-162270
3723,10303
3724,656055
3725,458530
3726,-669635
3727,-933259
3728,149886
3729,-346034
3730,882035
3731,994836
3732,-521726
3733,-762586
3734,918522
3735,-581000
3736,-874487
3737,721951
3738,-879042
3739,80152
3740,-266920
3741,-323040
3742,-732903
3743,905806
3744,982931
3745,-256581
3746,92441
3747,-478246
3748,-988157
3749,-786081
3750,-380054
3751,448429
3752,-48227
3753,-457990
3754,-910422
3755,-184628
3756,-62670
3757,-774285
3758,851485
3759,468942
3760,-292878
3761,-608842
3762,831962
3763,-891279
3764,611496
3765,-403540
3766,99056
3767,162997
3768,157984
3769,746513
3770,-726150
3771,625285
3772,-291714
3773,-695398
3774,674959
3775,145253
3776,-792943
3777,829274
3778,-104500
3779,92514
3780,365494
3781,477703
3782,367250
3783,440265
3784,418737
3785,-783205
3786,63568
3787,-407093
3788,-783075
3789,-799569
3790,964563
3791,-459857
3792,609028
3793,530339
3794,-298304
3795,-557211
3796,258167
3797,511949
3798,13067
3799,320843
3800,428476
3801,-517543
3802,-528814
3803,365464
3804,43785
3805,4164
3806,891136
3807,477884
3808,-825712
3809,198582
3810,-906505
3811,-743015
3812,851387
3813,710068
3814,623917
3815,-528413
3816,-859540
3817,119387
3818,-287065
3819,304923
3820,-454783
3821,683683
3822,-88679
3823,249234
3824,269643
3825,410984
3826,-792692
3827,-278712
3828,230637
3829,-878061
3830,-990208
3831,-641453
3832,995516
3833,434416
3834,-213921
3835,-693595
3836,102966
3837,867086
3838,882285
3839,301025
3840,-187205
3841,916928
3842,280579
3843,-860099
3844,-570932
3845,-954457
3846,-821755
3847,-630570
3848,479040
3849,973051
3850,339160
3851,589125
3852,-68318
3853,-723957
3854,-540316
3855,484515
3856,-943246
3857,-202299
3858,-715328
3859,840224
3860,526947
3861,645458
3862,993631
3863,-652406
3864,537420
3865,-997693
3866,188759
3867,-897636
3868,-602871
3869,-412211
3870,268949
3871,468553
3872,-868277
3873,-989309
3874,919330
3875,-658235
3876,-862966
3877,-513510
3878,-195258
3879,-334145
3880,-579556
3881,234515
3882,491030
3883,376317
3884,404706
3885,-818345
3886,-305677
3887,-304579
3888,655237
3889,-463188
3890,317170
3891,67218
3892,-702281
3893,-303760
3894,545210
3895,-793295
3896,220654
3897,-164680
3898,31473
3899,316982
3900,119694
3901,853922
3902,-117843
3903,-247302
3904,-775280
3905,652744
3906,206294
3907,903120
3908,360642
3909,14404
3910,-666781
3911,50720
3912,3645
3913,299171
3914,-269972
3915,177173
3916,-151494
3917,506354
3918,-172151
3919,628705
3920,203141
3921,-740818
3922,-901855
3923,-288192
3924,189470
3925,-482369
3926,-831585
3927,953260
3928,-670796
3929,9841
3930,-740947
3931,442218
3932,-756188
3933,605944
3934,904124
3935,370200
3936,39661
3937,-637227
3938,198328
3939,692501
3940,-349185
3941,666271
3942,620523
3943,-48449
3944,569432
3945,-60343
3946,-637774
3947,999651
3948,-62338
3949,-834109
3950,895720
3951,-453281
3952,-338065
3953,534244
3954,53193
3955,843762
3956,216676
3957,307807
3958,-673129
3959,-142944
3960,451210
3961,178107
3962,-715318
3963,-322265
3964,157896
3965,-830795
3966,212220
3967,-319351
3968,396188
3969,-857531
3970,947838
3971,-348608
3972,934538
3973,-171927
3974,836926
3975,89493
3976,-380217
3977,-510457
3978,-243071
3979,-604121
3980,308605
3981,554564
3982,-712545
3983,-631805
3984,306021
3985,-108973
3986,381296
3987,268602
3988,801650
3989,-296387
3990,-225858
3991,-925344
3992,515732
3993,-71003
3994,-647962
3995,55242
3996,225944
3997,-734933
3998,-825998
3999,807150
4000,913228
4001,-124715
4002,432917
4003,-877454
4004,-129364
4005,-965171
4006,-177381
4007,395977
4008,234941
4009,-848252
4010,-573098
4011,747037
4012,590654
4013,332059
4014,314770
4015,153052
4016,501955
4017,107679
4018,39601
4019,218318
4020,497622
4021,-812341
4022,931905
4023,209940
4024,861443
4025,-695695
4026,-613830
4027,951900
4028,-927335
4029,-924182
4030,945201
4031,670502
4032,52083
4033,-181021
4034,-912623
4035,-968101
4036,-530011
4037,741843
4038,584240
4039,-423230
4040,570506
4041,-241515
4042,-57139
4043,-189906
4044,828584
4045,-866233
4046,778858
4047,693201
4048,124005
4049,-493958
4050,721058
4051,535997
4052,-324946
4053,-763697
4054,-373024
4055,76147
4056,108887
4057,-16490
4058,-655787
4059,-12958
4060,227310
4061,588439
4062,667090
4063,-141921
4064,189782
4065,699375
4066,954248
4067,337048
4068,238795
4069,-571416
4070,160491
4071,808040
4072,-385095
4073,36963
4074,650676
4075,-231219
4076,-6098
4077,-495032
4078,-938393
4079,-803530
4080,-250473
4081,197908
4082,109250
4083,465251
4084,-589068
4085,331363
4086,72354
4087,-659561
4088,-690025
4089,-216690
4090,-962544
4091,-849212
4092,541165
4093,871351
4094,-590832
4095,-731126
